시도,시군구,설치장소,도로명주소,위도,경도
전라남도,목포시,목포시보건소,전라남도 목포시 원산로 45번길 5,,
전라남도,목포시,하당보건지소,전라남도 목포시 석현로 48,,
전라남도,목포시,목포산정약국,"전라남도 목포시 양을로 151, 1층 (산정동)",,
전라남도,목포시,이로약국,"전라남도 목포시 송림로 73, 2층 (용해동)",,
전라남도,목포시,포도나무약국,"전라남도 목포시 비파로 106, 삼성전자사옥 1층 (상동)",,
전라남도,목포시,다온약국,"전라남도 목포시 용당로 211, 1층 (용당동)",,
전라남도,목포시,보라약국,"전라남도 목포시 백년대로 258, 1층 (상동)",,
전라남도,목포시,대진약국,"전라남도 목포시 용당로 281, 종원빌딩 (용해동)",,
전라남도,목포시,수약국,"전라남도 목포시 원형서로 15, 롯데마트목포점 (상동)",,
전라남도,목포시,대림약국,"전라남도 목포시 산대로2번길 2, 1층 (산정동)",,
전라남도,목포시,오약국,"전라남도 목포시 청호로 193, 1층 (산정동)",,
전라남도,목포시,가나약국,"전라남도 목포시 영산로 343, 1층 (용당동)",,
전라남도,목포시,든든약국,"전라남도 목포시 죽산로40번길 7, 1층 (산정동)",,
전라남도,목포시,한독약국,"전라남도 목포시 백년대로 327, 목포복음내과 (상동)",,
전라남도,목포시,미소약국,전라남도 목포시 이로로 12 (용해동),,
전라남도,목포시,건강샘약국,전라남도 목포시 신흥로 44 (상동),,
전라남도,목포시,약손약국,"전라남도 목포시 상동로 66, 주공3단지아파트 상가동 115호 (상동)",,
전라남도,목포시,사랑약국,전라남도 목포시 고하대로 795-1 (연산동),,
전라남도,목포시,한마음약국,전라남도 목포시 백년대로 331-1 (상동),,
전라남도,목포시,백세가약국,전라남도 목포시 영산로 477 (상동),,
전라남도,목포시,시장약국,전라남도 목포시 용당로 57 (산정동),,
전라남도,목포시,백세약국,"전라남도 목포시 영산로 253, 1층 (용당동)",,
전라남도,목포시,우리힐약국,전라남도 목포시 옥암로 77-1 (옥암동),,
전라남도,목포시,부주약국,전라남도 목포시 남악1로52번가길 3 (옥암동),,
전라남도,목포시,다나약국,전라남도 목포시 용당로 322-3 (용해동),,
전라남도,목포시,연산약국,전라남도 목포시 원산중앙로 89 (연산동),,
전라남도,목포시,메디팜우성약국,전라남도 목포시 백년대로297번길 7 (상동),,
전라남도,목포시,휴베이스 최약국,"전라남도 목포시 삼학로16번길 6, 1층 (상락동2가)",,
전라남도,목포시,대인약국,전라남도 목포시 원산중앙로 96 (연산동),,
전라남도,목포시,열린약국,"전라남도 목포시 옥암로 147, 1층 (상동)",,
전라남도,목포시,복음사랑약국,전라남도 목포시 백년대로297번길 8 (상동),,
전라남도,목포시,삼일온누리약국,전라남도 목포시 삼학로 20 (호남동),,
전라남도,목포시,신세계 온누리 약국,전라남도 목포시 백년대로 298 (상동),,
전라남도,목포시,한별약국,"전라남도 목포시 청호로 206, 1층 101호 (산정동, 신안비치팔레스)",,
전라남도,목포시,센트럴약국,전라남도 목포시 백년대로 304 (상동),,
전라남도,목포시,행복한약국,전라남도 목포시 백년대로 325 (상동),,
전라남도,목포시,다나은약국,"전라남도 목포시 이로로9번길 6 (용해동, 바른학원)",,
전라남도,목포시,대학약국,"전라남도 목포시 영산로 627, 2동 (석현동)",,
전라남도,목포시,알파약국,전라남도 목포시 청호로130번길 2 (산정동),,
전라남도,목포시,조제약국,전라남도 목포시 호남로58번길 28 (창평동),,
전라남도,목포시,전일약국,전라남도 목포시 청호로 153 (산정동),,
전라남도,목포시,비타민약국,전라남도 목포시 하당로 278 (옥암동),,
전라남도,목포시,조은약국,"전라남도 목포시 용당로 339, 1층 (용해동)",,
전라남도,목포시,율전약국,전라남도 목포시 부흥로 31 (옥암동),,
전라남도,목포시,전약국,전라남도 목포시 옥암로 101 (상동),,
전라남도,목포시,옵티마현대약국,전라남도 목포시 섶나루길 126 (상동),,
전라남도,목포시,지성약국,전라남도 목포시 옥암로 129 (상동),,
전라남도,목포시,샘터약국,전라남도 목포시 영산로 304-1 (용당동),,
전라남도,목포시,목포하당종로약국,전라남도 목포시 신흥로 8 (상동),,
전라남도,목포시,포미약국,전라남도 목포시 용해지구로 12 (용해동),,
전라남도,목포시,유한약국,전라남도 목포시 청호로 176 (산정동),,
전라남도,목포시,태양약국,전라남도 목포시 옥암로 187 (석현동),,
전라남도,목포시,하당금호약국,전라남도 목포시 백년대로 295 (상동),,
전라남도,목포시,정문약국,전라남도 목포시 영산로 475 (상동),,
전라남도,목포시,한미약국,전라남도 목포시 백년대로307번길 7 (상동),,
전라남도,목포시,이화약국,전라남도 목포시 녹색로 41 (석현동),,
전라남도,목포시,한사랑약국,"전라남도 목포시 백년대로 391, 1층 (옥암동)",,
전라남도,목포시,로뎀온누리약국,전라남도 목포시 청호로 154 (산정동),,
전라남도,목포시,독일약국,전라남도 목포시 산정로 145 (산정동),,
전라남도,목포시,예사랑약국,전라남도 목포시 용당로 40 (산정동),,
전라남도,목포시,연세약국,전라남도 목포시 원산중앙로 59 (산정동),,
전라남도,목포시,드림약국,전라남도 목포시 영산로 623 (석현동),,
전라남도,목포시,미래약국,전라남도 목포시 상리로1번길 13 (상동),,
전라남도,목포시,이수약국,전라남도 목포시 중화길 13 (상동),,
전라남도,목포시,소망약국,전라남도 목포시 용당로 53 (산정동),,
전라남도,목포시,아이팜약국,전라남도 목포시 백년대로 420 (옥암동),,
전라남도,목포시,유달약국,전라남도 목포시 하당로153번길 4 (상동),,
전라남도,목포시,금호온누리약국,전라남도 목포시 영산로 519 (상동),,
전라남도,목포시,종로프라자약국,전라남도 목포시 영산로 515 (상동),,
전라남도,목포시,금호약국(역전),전라남도 목포시 영산로 89 (명륜동),,
전라남도,목포시,실로암약국,전라남도 목포시 부흥로 80 (옥암동),,
전라남도,목포시,건강약국,전라남도 목포시 중화길 16 (상동),,
전라남도,목포시,초당약국,전라남도 목포시 영산로 251 (용당동),,
전라남도,목포시,튼튼약국,전라남도 목포시 산정로 146 (산정동),,
전라남도,목포시,햇빛약국,전라남도 목포시 북항로 54-10 (죽교동),,
전라남도,목포시,도원약국,전라남도 목포시 호남로64번길 27 (대안동),,
전라남도,목포시,하나로약국,전라남도 목포시 원산중앙로 46 (산정동),,
전라남도,목포시,서울약국,전라남도 목포시 용당로 232 (용당동),,
전라남도,목포시,혜민약국,전라남도 목포시 영산로 249 (용당동),,
전라남도,목포시,천지약국,전라남도 목포시 수강로12번길 12-3 (행복동1가),,
전라남도,목포시,굿모닝약국,전라남도 목포시 영산로 250-1 (용당동),,
전라남도,목포시,메디팜태평양약국,전라남도 목포시 영산로 320 (용당동),,
전라남도,목포시,시온약국,전라남도 목포시 영산로 335 (용당동),,
전라남도,목포시,하나약국,전라남도 목포시 청호로 8 (호남동),,
전라남도,목포시,비전약국,전라남도 목포시 영산로 246 (산정동),,
전라남도,목포시,한빛약국,전라남도 목포시 영산로 343-1 (용당동),,
전라남도,목포시,종로약국,전라남도 목포시 고하대로 730 (산정동),,
전라남도,목포시,남도온누리약국,전라남도 목포시 정의로 4-10 (옥암동),,
전라남도,목포시,하당약국,전라남도 목포시 신흥로 32 (상동),,
전라남도,목포시,송광약국,전라남도 목포시 서산로 16 (해안동4가),,
전라남도,목포시,메디팜현대약국,"전라남도 목포시 부흥로 86, 102호 (옥암동, 부영2차아파트 상가)",,
전라남도,목포시,바다약국,전라남도 목포시 백년대로 291 (상동),,
전라남도,목포시,늘푸른약국,전라남도 목포시 용해지구로 85 (연산동),,
전라남도,목포시,세신약국,전라남도 목포시 용당로 159 (용당동),,
전라남도,목포시,메디팜보령약국,전라남도 목포시 상리로1번길 23 (상동),,
전라남도,목포시,플러스약국,전라남도 목포시 용해지구로 11 (용해동),,
전라남도,목포시,메디팜정원약국,전라남도 목포시 산정로 275-1 (연산동),,
전라남도,목포시,조약국,전라남도 목포시 양을로 145 (산정동),,
전라남도,목포시,삼성약국,전라남도 목포시 자유로 41 (산정동),,
전라남도,목포시,구세약국,전라남도 목포시 영산로 485 (상동),,
전라남도,목포시,호남약국,전라남도 목포시 영산로 95-2 (명륜동),,
전라남도,목포시,대웅약국,전라남도 목포시 옥암로 106-1 (옥암동),,
전라남도,목포시,소명약국,"전라남도 목포시 비파로124번길 1, 1층 101호 (상동)",,
전라남도,목포시,메디팜명문약국,전라남도 목포시 이로로 14 (용해동),,
전라남도,목포시,목포광주약국,전라남도 목포시 해안로229번길 2-1 (영해동1가),,
전라남도,목포시,소화약국,전라남도 목포시 삼학로 30 (호남동),,
전라남도,목포시,뉴세브란스약국,전라남도 목포시 수문로 8 (대안동),,
전라남도,목포시,신세계약국,전라남도 목포시 부흥로 97 (옥암동),,
전라남도,목포시,민중약국,전라남도 목포시 만호로 40 (항동),,
전라남도,목포시,성남약국,전라남도 목포시 용당로 197 (용당동),,
전라남도,목포시,미보약국,전라남도 목포시 동명주택길 1 (산정동),,
전라남도,목포시,한일약국,전라남도 목포시 호남로 71 (호남동),,
전라남도,목포시,성모약국,전라남도 목포시 번화로 39-1 (중앙동1가),,
전라남도,목포시,장약국,전라남도 목포시 산정로 118 (산정동),,
전라남도,목포시,수정약국,전라남도 목포시 해안로 283 (동명동),,
전라남도,목포시,진고개약국,전라남도 목포시 석현로 18-2 (석현동),,
전라남도,목포시,대동약국,전라남도 목포시 노적봉길 18 (죽동),,
전라남도,목포시,화신약국,전라남도 목포시 북교길 35 (북교동),,
전라남도,목포시,건승약국,전라남도 목포시 서산로 7 (금화동),,
전라남도,목포시,평화약국,전라남도 목포시 노적봉길 2 (명륜동),,
전라남도,여수시,여수시 보건소,전라남도 여수시 시청서4길 47  ,,
전라남도,여수시,여수시 보건소(중부보건지소),전라남도 여수시 여서동5길 21-1(여서동) ,,
전라남도,여수시,여수시 보건소(동부보건지소),전라남도 여수시 동문로 99(공화동) ,,
전라남도,여수시,여수시보건소(치매안심센터),전라남도 여수시 신월로 794(봉강동) ,,
전라남도,여수시,돌산보건지소,전라남도 여수시 돌산읍 방답길 55,,
전라남도,여수시,우두보건지소,전라남도 여수시 돌산읍 강남로 32,,
전라남도,여수시,화양보건지소,전라남도 여수시 화양면 화양로 1436-9,,
전라남도,여수시,화정보건지소,전라남도 여수시 화정면 백야 해안길 40,,
전라남도,여수시,상암보건지소,전라남도 여수시 상암3길 9(상암동),,
전라남도,여수시,남면보건지소,전라남도 여수시 남면 금오로 858,,
전라남도,여수시,연도보건지소,전라남도 여수시 남면 연도서부안길17,,
전라남도,여수시,개도보건지소,전라남도 여수시 화정면 개도화산1길 8,,
전라남도,여수시,삼산보건지소,전라남도 여수시 삼산면 거문길 122,,
전라남도,여수시,초도보건지소 ,전라남도 여수시 삼산면 대동길 78,,
전라남도,여수시,송도보건진료소,전라남도 여수시 돌산읍 송도길 38-2,,
전라남도,여수시,금성보건진료소,전라남도 여수시 돌산읍 돌산로 617-2,,
전라남도,여수시,율림보건진료소,전라남도 여수시 돌산읍 향일암로 269-6,,
전라남도,여수시,죽포보건진료소,전라남도 여수시 돌산읍 돌산로 2080-8,,
전라남도,여수시,평사보건진료소,전라남도 여수시 돌산읍 평사로 560-6,,
전라남도,여수시,복산보건진료소,전라남도 여수시 소라면 달천길 135,,
전라남도,여수시,사곡보건진료소,전라남도 여수시 소라면 상사길 21,,
전라남도,여수시,봉두보건진료소,전라남도 여수시 소라면 당촌길 16,,
전라남도,여수시,상봉보건진료소,전라남도 여수시 율촌면 상봉1길 28,,
전라남도,여수시,감도보건진료소,전라남도 여수시 화양면 감도길 2,,
전라남도,여수시,장수보건진료소,전라남도 여수시 화양면 장수자매길 8-2,,
전라남도,여수시,세포보건진료소,전라남도 여수시 화양면 장수로 19,,
전라남도,여수시,유송보건진료소,전라남도 여수시 남면 솔고지길 71-11,,
전라남도,여수시,안도보건진료소,전라남도 여수시 남면 안도해변길 49-7,,
전라남도,여수시,화태보건진료소,전라남도 여수시 남면 화태길 28,,
전라남도,여수시,두라보건진료소,전라남도 여수시 남면 대두길 87-1,,
전라남도,여수시,횡간보건진료소,전라남도 여수시 남면 횡간중앙길 14-2,,
전라남도,여수시,월호보건진료소,전라남도 여수시 화정면 월호골길 13,,
전라남도,여수시,제도보건진료소,전라남도 여수시 화정면 제도해안길 63,,
전라남도,여수시,상하화보건진료소,전라남도 여수시 화정면 아랫꽃섬 1길4-5,,
전라남도,여수시,낭도보건진료소,전라남도 여수시 화정면 여산길 62,,
전라남도,여수시,적금보건진료소,전라남도 여수시 화정면 적금뒷등길27,,
전라남도,여수시,여자보건진료소,전라남도 여수시 화정면 마파지길 17,,
전라남도,여수시,서도보건진료소,전라남도 여수시 삼산면 장촌3길 9-6,,
전라남도,여수시,동도보건진료소,전라남도 여수시 삼산면 죽촌1길24-1,,
전라남도,여수시,손죽보건진료소,전라남도 여수시 삼산면 손죽새터길 5-1,,
전라남도,여수시,경호보건진료소,전라남도 여수시 대경도 2길 5,,
전라남도,여수시,묘도보건진료소,전라남도 여수시 묘도 10길6(묘도동),,
전라남도,여수시,돌산읍사무소,전라남도 여수시 돌산읍 돌산로 1253-6 ,,
전라남도,여수시,소라면사무소,전라남도 여수시 소라면 덕양로 389 ,,
전라남도,여수시,율촌면사무소,전라남도 여수시 율촌면 율촌로 100-9 ,,
전라남도,여수시,화양면사무소,전라남도 여수시 화양면 화양로 1438-5 ,,
전라남도,여수시,남면사무소,전라남도 여수시 금오로 862 ,,
전라남도,여수시,화정면사무소,전라남도 여수시 화정면 백야3길 8-11 ,,
전라남도,여수시,동문동주민센터,전라남도 여수시 관문1길 19(관문동) ,,
전라남도,여수시,한려동주민센터,전라남도 여수시 수정2길 9(수정동) ,,
전라남도,여수시,중앙동주민센터,전라남도 여수시 중앙로 99(중앙동),,
전라남도,여수시,충무동주민센터,전라남도 여수시 연등1길 26(연등동) ,,
전라남도,여수시,광림동주민센터,전라남도 여수시 광무3길 38-5(광무동) ,,
전라남도,여수시,서강동주민센터,전라남도 여수시 서교1길 28(서교동) ,,
전라남도,여수시,대교동주민센터,전라남도 여수시 봉산남2길 7-7(봉산동) ,,
전라남도,여수시,국동주민센터,전라남도 여수시 국동남5길 22(국동) ,,
전라남도,여수시,월호동주민센터,전라남도 여수시 신월로 598(신월동) ,,
전라남도,여수시,여서동주민센터,전라남도 여수시 여서동5길 17(여서동) ,,
전라남도,여수시,문수동주민센터,전라남도 여수시 여문1로 71(문수동) ,,
전라남도,여수시,미평동주민센터,전라남도 여수시 미평3길 42(미평동) ,,
전라남도,여수시,둔덕동주민센터,전라남도 여수시 좌수영로 509(둔덕동) ,,
전라남도,여수시,만덕동주민센터,전라남도 여수시 덕충안길 95(덕충동) ,,
전라남도,여수시,쌍봉동주민센터,전라남도 여수시 흥국로 25(학동) ,,
전라남도,여수시,시전동주민센터,전라남도 여수시 시전6길 16(신기동) ,,
전라남도,여수시,여천동주민센터,전라남도 여수시 무선로 190(선원동) ,,
전라남도,여수시,주삼동주민센터,전라남도 여수시 여수산단로 35(주삼동) ,,
전라남도,여수시,삼일동주민센터,전라남도 여수시 상암3길 13(상암동) ,,
전라남도,여수시,묘도동주민센터,전라남도 여수시 묘도1길 60(묘도동) ,,
전라남도,순천시,순천시보건소,"전라남도 순천시 중앙로 232 (석현동, 순천시문화건강센터)",,
전라남도,순천시,황전보건지소,전라남도 순천시 황전면 백야중길 12,,
전라남도,순천시,별량보건지소,전라남도 순천시 별량면 별량장길 25,,
전라남도,순천시,승주보건지소,전라남도 순천시 승주읍 승평길 15,,
전라남도,순천시,상사보건지소,전라남도 순천시 상사면 상사초등길 36 (보건지소),,
전라남도,순천시,외서보건지소,전라남도 순천시 외서면 쌍향수길 440 (보건지소),,
전라남도,순천시,월등보건지소,전라남도 순천시 월등면 월등로 571 (월등보건지소),,
전라남도,순천시,낙안보건지소,전라남도 순천시 낙안면 민속마을길 1690 (낙안면보건지소),,
전라남도,순천시,송광보건지소,전라남도 순천시 송광면 쌍향수길 1338,,
전라남도,순천시,주암보건지소,전라남도 순천시 주암면 동주로 2090-1,,
전라남도,순천시,창촌보건진료소,전라남도 순천시 주암면 주목로 12,,
전라남도,순천시,후곡보건진료소,전라남도 순천시 송광면 후곡안길 97,,
전라남도,순천시,신월보건진료소,전라남도 순천시 월등면 월등로 360 (신월보건진료소),,
전라남도,순천시,학산보건진료소,전라남도 순천시 별량면 일출길 191,,
전라남도,순천시,비촌보건진료소,전라남도 순천시 황전면 비촌1길 83 (비촌보건진료소),,
전라남도,순천시,망룡보건진료소,전라남도 순천시 월등면 복사골길 116 (망룡보건진료소),,
전라남도,순천시,운룡보건진료소,전라남도 순천시 주암면 운룡2길 25 (운룡보건진료소),,
전라남도,순천시,창녕보건진료소,전라남도 순천시 낙안면 민속마을길 1209,,
전라남도,순천시,쌍지보건진료소,전라남도 순천시 상사면 쌍지길 6 (보건소),,
전라남도,순천시,구상보건진료소,전라남도 순천시 서면 수통목길 3 (구상보건진료소),,
전라남도,순천시,회덕보건진료소,전라남도 순천시 황전면 삽재팔동길 393,,
전라남도,순천시,판교보건진료소,전라남도 순천시 서면 판교안길 162-1,,
전라남도,순천시,마산보건진료소,전라남도 순천시 별량면 고장안길 3 (보건소),,
전라남도,순천시,도정보건진료소,전라남도 순천시 승주읍 도정송정길 11 (도정보건진료소),,
전라남도,순천시,송기보건진료소,전라남도 순천시 별량면 송산송기길 140 (송기보건진료소),,
전라남도,순천시,선월보건진료소,전라남도 순천시 해룡면 선월길 43 (선월보건진료소),,
전라남도,순천시,마륜보건진료소,전라남도 순천시 상사면 민속마을길 280-8,,
전라남도,순천시,하사보건진료소,전라남도 순천시 해룡면 하사길 79 (하사보건진료소),,
전라남도,순천시,어왕보건진료소,전라남도 순천시 주암면 한동길 100 (어왕보건진료소),,
전라남도,순천시,신전보건진료소,전라남도 순천시 낙안면 금산신전길 17 (신전보건진료소),,
전라남도,순천시,평죽보건진료소,전라남도 순천시 황전면 농소길 9 (평죽보건진료소),,
전라남도,순천시,도신보건진료소,전라남도 순천시 외서면 도신길 96,,
전라남도,순천시,승주읍 행정복지세넡,전라남도 순천시 승주읍 승주로 731,,
전라남도,순천시,주암면 행정복지센터,전라남도 순천시 주암면 동주로 2047,,
전라남도,순천시,송광면 행정복지센터,전라남도 순천시 송광면 쌍향수길 1338,,
전라남도,순천시,외서면 행정복지센터,전라남도 순천시 외서면 썅향수길 440,,
전라남도,순천시,낙안면 행정복지센터,전라남도 순천시 낙안면 민속마을길 1690 ,,
전라남도,순천시,별량면 행정복지센터,전라남도 순천시 별량면 별량장길 25,,
전라남도,순천시,상사면 행정복지센터,전라남도 순천시 상사면 상사호길 330,,
전라남도,순천시,해룡면 행정복지센터,전라남도 순천시 해룡면 해룡로 1128-10,,
전라남도,순천시,서면 행정복지센터,전라남도 순천시 서면 임촌동길 94,,
전라남도,순천시,황전면 행정복지센터,전라남도 순천시 황전면 백야중길 12,,
전라남도,순천시,월등면 행정복지센터,전라남도 순천시 월등면 월등로 571,,
전라남도,순천시,향동 행정복지센터,전라남도 순천시 임청대길 1(옥천동),,
전라남도,순천시,매곡동 행정복지센터,전라남도 순천시 북정2길 63(매곡동),,
전라남도,순천시,삼산동 행정복지센터,전라남도 순천시 삼산로 3(석현동),,
전라남도,순천시,조곡동 행정복지센터,전라남도 순천시 자경1길 13(조곡동),,
전라남도,순천시,덕연동 행정복지센터,전라남도 순천시 덕연로41(연향동),,
전라남도,순천시,풍덕동 행정복지센터,전라남도 순천시 풍덕1길 40(풍덕동),,
전라남도,순천시,남제동 행정복지센터,전라남도 순천시 남정5길 1(남정동),,
전라남도,순천시,저전동 행정복지센터,전라남도 순천시 청사1길 43(저전동),,
전라남도,순천시,장천동 행정복지센터,전라남도 순천시 중앙로22(장천동),,
전라남도,순천시,중앙동 행정복지센터,전라남도 순천시 강남로 128(동외동),,
전라남도,순천시,도사동 행정복지센터,전라남도 순천시 순천만길 27(덕월동),,
전라남도,순천시,왕조1동 행정복지센터,전라남도 순천시 조례신대길 6(조례동),,
전라남도,순천시,왕조2동 행정복지센터,전라남돗 순천시 왕궁길 50(조례동),,
전라남도,순천시,희망약국,"전라남도 순천시 백강로 367, 1층 (조례동)",,
전라남도,순천시,원약국,전라남도 순천시 팔마로 211 (덕암동),,
전라남도,순천시,알파약국,전라남도 순천시 해룡면 지봉로 372-1,,
전라남도,순천시,보리약국,"전라남도 순천시 중앙5길 5, 보리약국 (장천동)",,
전라남도,순천시,미소큰약국,전라남도 순천시 조례1길 10-21(조례동),,
전라남도,순천시,사랑약국,"전라남도 순천시 해룡면 신대4길 4-25, 1층",,
전라남도,순천시,가곡우리약국,전라남도 순천시 고지1길 4(가곡동),,
전라남도,순천시,호수약국,"전라남도 순천시 백강로 367, 1층 (조례동)",,
전라남도,순천시,튼튼약국,"전라남도 순천시 이수로 319, 1층 (조례동)",,
전라남도,순천시,모아약국,전라남도 순천시 해룡면 순광로 224,,
전라남도,순천시,하하약국,"전라남도 순천시 해룡면 향매로 135, 금화빌딩 101호",,
전라남도,순천시,하늘빛약국,"전라남도 순천시 조례1길 10-27, 1층 (조례동)",,
전라남도,순천시,달달약국,"전라남도 순천시 용당삼산로 17, 1층 103호 (용당동)",,
전라남도,순천시,도담약국,"전라남도 순천시 장선배기1길 9, 1층 (조례동)",,
전라남도,순천시,힘찬약국,"전라남도 순천시 용당삼산로 11, 1층 (용당동)",,
전라남도,순천시,키다리약국,"전라남도 순천시 해룡면 매안로 145, 101B호",,
전라남도,순천시,대학약국,"전라남도 순천시 중앙로 314, 1층 (가곡동)",,
전라남도,순천시,봄봄약국,"전라남도 순천시 봉화3길 14-28, 1층 105호 (조례동)",,
전라남도,순천시,신대약국,전라남도 순천시 해룡면 향매로 97,,
전라남도,순천시,웰약국,"전라남도 순천시 충효로 15, 메가박스 1층 109호 (덕암동)",,
전라남도,순천시,친절한김약국,"전라남도 순천시 삼산로 61, 1층 5호 (용당동)",,
전라남도,순천시,십자당약국,전라남도 순천시 순광로 6 (조례동),,
전라남도,순천시,스타약국,"전라남도 순천시 해룡면 향매로 99, SM빌딩 1층",,
전라남도,순천시,신대타운온누리약국,"전라남도 순천시 해룡면 향매로 59, 신대타운 1층 102호",,
전라남도,순천시,365보배약국,"전라남도 순천시 봉화2길 99, 2층 (조례동)",,
전라남도,순천시,은혜약국,전라남도 순천시 팔마로 126 (조곡동),,
전라남도,순천시,가까운평화약국,"전라남도 순천시 해룡면 순광로 234-9, 가동 1층 101호",,
전라남도,순천시,새하나약국,"전라남도 순천시 팔마로 217, 1층 (덕암동)",,
전라남도,순천시,중앙승주약국,"전라남도 순천시 장명로 7, 1층 (장천동)",,
전라남도,순천시,장천우리약국,"전라남도 순천시 중앙로 14, 1층 (장천동)",,
전라남도,순천시,국제약국,"전라남도 순천시 중앙1길 4, 국제약국 1층 (장천동)",,
전라남도,순천시,순천종로약국,"전라남도 순천시 신월큰길 1-4, 1층 (조례동)",,
전라남도,순천시,바른약국,"전라남도 순천시 조례못등길 16, 금당빌딩 1층 (조례동)",,
전라남도,순천시,건강드림약국,전라남도 순천시 순광로 14 (조례동),,
전라남도,순천시,한마음약국,"전라남도 순천시 장선배기1길 9-4, 1층 (조례동)",,
전라남도,순천시,해맑은약국,"전라남도 순천시 이수로 321, 1층 (조례동)",,
전라남도,순천시,정약국,"전라남도 순천시 이수로 305, 1층 (조례동)",,
전라남도,순천시,모범약국,"전라남도 순천시 삼산로 103-11, 1층 (용당동)",,
전라남도,순천시,오천온누리약국,"전라남도 순천시 오천7길 28, 1층 105호 (오천동)",,
전라남도,순천시,양약건민대형약국,"전라남도 순천시 중앙로 83, 1층 (저전동)",,
전라남도,순천시,종로약국,"전라남도 순천시 우석2길 55, 1층 (장천동)",,
전라남도,순천시,장생약국,"전라남도 순천시 연향상가7길 18, 1층 (연향동)",,
전라남도,순천시,순천약국,전라남도 순천시 주암면 주암호길 3,,
전라남도,순천시,맑은약국,"전라남도 순천시 팔마로 212, 1층 (풍덕동, 이타워빌딩)",,
전라남도,순천시,미소온누리약국,"전라남도 순천시 중앙로 4, 1층 (장천동, 순천장례식장)",,
전라남도,순천시,미소약국,"전라남도 순천시 해룡면 향매로 67, 1층",,
전라남도,순천시,척척약국,"전라남도 순천시 팔마로 205, 엠제이빌딩 107호 (덕암동)",,
전라남도,순천시,옥천약국,"전라남도 순천시 남문천변길 6 (장천동, 건강약국)",,
전라남도,순천시,하영약국,"전라남도 순천시 기적의도서관1길 3 (조례동, 제일병원)",,
전라남도,순천시,편한약국,"전라남도 순천시 중앙로 68, 1층 (장천동)",,
전라남도,순천시,오가네약국,"전라남도 순천시 해룡면 신대로 116, 1층",,
전라남도,순천시,온누리감초당약국,"전라남도 순천시 연향1로 55, 1층 (연향동)",,
전라남도,순천시,순천새미래약국,"전라남도 순천시 팔마로 3, 1층 (장천동, 삼익빌딩)",,
전라남도,순천시,하나로약국,"전라남도 순천시 연향중앙상가길 29, 1층 (연향동)",,
전라남도,순천시,세브란스약국,"전라남도 순천시 이수로 315, 1층 (조례동)",,
전라남도,순천시,365웃장대형약국,"전라남도 순천시 중앙로 136, 1층 (매곡동)",,
전라남도,순천시,다솜약국,"전라남도 순천시 신월큰길 7, 나동 1층 (조례동)",,
전라남도,순천시,새로운약국,전라남도 순천시 백강로 375-11 (조례동),,
전라남도,순천시,조은약국,전라남도 순천시 우명길 35 (연향동),,
전라남도,순천시,플러스조은약국,"전라남도 순천시 신월큰길 7, 가동 1층 (조례동)",,
전라남도,순천시,더드림약국,전라남도 순천시 신월큰길 9 (조례동),,
전라남도,순천시,365일연향대형약국,"전라남도 순천시 연향3로 11, 1층 1A 4호~6호 (연향동)",,
전라남도,순천시,금당약국,전라남도 순천시 해룡면 장선배기길  284,,
전라남도,순천시,소망약국,전라남도 순천시 대석길 31 (연향동),,
전라남도,순천시,정다운온누리약국,전라남도 순천시 율산길 52 (연향동),,
전라남도,순천시,큰승주약국,전라남도 순천시 중앙로 104 (남내동),,
전라남도,순천시,행림당약국,전라남도 순천시 중앙로 166 (매곡동),,
전라남도,순천시,늘 평화로운 약국,전라남도 순천시 양율길 176 (대룡동),,
전라남도,순천시,백제약국,전라남도 순천시 팔마로 103 (조곡동),,
전라남도,순천시,남부종합약국,전라남도 순천시 중앙초등아랫길 80 (풍덕동),,
전라남도,순천시,행복주는약국,전라남도 순천시 중앙로 67 (저전동),,
전라남도,순천시,밝은약국,전라남도 순천시 이수로 317 (조례동),,
전라남도,순천시,성신약국,전라남도 순천시 중앙로 129 (매곡동),,
전라남도,순천시,승주약국,전라남도 순천시 순광로 209 (조례동),,
전라남도,순천시,누엘약국,전라남도 순천시 조례1길 10-26 (조례동),,
전라남도,순천시,다정약국,전라남도 순천시 장선배기1길 6-10 (조례동),,
전라남도,순천시,왕지약국,전라남도 순천시 백연길 104 (조례동),,
전라남도,순천시,현대온누리약국,전라남도 순천시 장선배기1길 4 (조례동),,
전라남도,순천시,메디타운정겨운약국,전라남도 순천시 신월큰길 13 (조례동),,
전라남도,순천시,효성온누리약국,전라남도 순천시 우명길 41 (연향동),,
전라남도,순천시,비타민약국,전라남도 순천시 백연길 98 (조례동),,
전라남도,순천시,행복한온누리약국,전라남도 순천시 조례못등길 23 (조례동),,
전라남도,순천시,편안한김약국,전라남도 순천시 순광로 199 (조례동),,
전라남도,순천시,큰녹십자약국,전라남도 순천시 중앙로 8-1 (장천동),,
전라남도,순천시,세명약국,전라남도 순천시 호남길 3 (행동),,
전라남도,순천시,배들약국,"전라남도 순천시 서면 배들이길 17, 상가동 1층 101호 (선평배들마을아파트)",,
전라남도,순천시,메디팜프라자약국,전라남도 순천시 연향중앙상가길 27 (연향동),,
전라남도,순천시,참조은약국,전라남도 순천시 해룡면 장선배기길 256,,
전라남도,순천시,별량우리들약국,전라남도 순천시 별량면 별량길 123,,
전라남도,순천시,박약국,전라남도 순천시 환선로 128 (석현동),,
전라남도,순천시,조례큰약국,전라남도 순천시 이수로 325 (조례동),,
전라남도,순천시,이화약국,전라남도 순천시 우석로 98 (남정동),,
전라남도,순천시,이조약국,전라남도 순천시 서문성터길 1 (행동),,
전라남도,순천시,승주동아약국,전라남도 순천시 승주읍 승주로 706,,
전라남도,순천시,동아약국,"전라남도 순천시 팔마로 15-4, 동아약국 (장천동)",,
전라남도,순천시,성모약국,전라남도 순천시 해룡면 순광로 220,,
전라남도,순천시,가든약국,전라남도 순천시 장명로 47 (장천동),,
전라남도,순천시,성심약국,전라남도 순천시 해룡면 순광로 218,,
전라남도,순천시,아랫장약국,"전라남도 순천시 팔마로 48, 1층 (인제동)",,
전라남도,순천시,영재약국,전라남도 순천시 중앙로 54 (장천동),,
전라남도,순천시,은약국,전라남도 순천시 이수로 291 (조례동),,
전라남도,순천시,우리약국,전라남도 순천시 해룡면 조례못등길 123,,
전라남도,순천시,온누리조례제일약국,전라남도 순천시 조례1길 19 (조례동),,
전라남도,순천시,역전약국,전라남도 순천시 풍덕주택길 10 (조곡동),,
전라남도,순천시,21세기약국,전라남도 순천시 팔마로 22 (장천동),,
전라남도,순천시,시장약국,전라남도 순천시 장평로 53 (인제동),,
전라남도,순천시,명성온누리약국,전라남도 순천시 봉화3길 14 (조례동),,
전라남도,순천시,호남약국,전라남도 순천시 중앙로 58 (장천동),,
전라남도,순천시,보문약국,전라남도 순천시 황전면 괴목길 87,,
전라남도,순천시,중앙약국,전라남도 순천시 중앙로 82 (장천동),,
전라남도,순천시,온누리부부약국,전라남도 순천시 남산로 144 (풍덕동),,
전라남도,순천시,정성약국,전라남도 순천시 북정1길 2 (매곡동),,
전라남도,순천시,메디팜영진약국,"전라남도 순천시 삼산로 102, 1층 (용당동)",,
전라남도,순천시,동방약국,전라남도 순천시 중앙로 152 (매곡동),,
전라남도,순천시,전남약국,전라남도 순천시 비봉2길 7 (조례동),,
전라남도,순천시,온누리보건약국,전라남도 순천시 왕궁중앙길 28 (조례동),,
전라남도,순천시,성대약국,전라남도 순천시 팔마로 132 (조곡동),,
전라남도,나주시,보건소,전라남도 나주시 풍물시장2길 57-32,,
전라남도,나주시,보건소 중부지소,전라남도 나주시 금성관길 9,,
전라남도,나주시,보건소 세지지소,전라남도 나주시 세지면 동창로 130-11,,
전라남도,나주시,보건소 왕곡지소,전라남도 나주시 왕곡면 터진목길 10,,
전라남도,나주시,보건소 반남지소,전라남도 나주시 반남면 고분로 594-7 ,,
전라남도,나주시,보건소 공산지소,전라남도 나주시 공산면 공산로 113-2,,
전라남도,나주시,보건소 동강지소,전라남도 나주시 동강면 인동길 28,,
전라남도,나주시,보건소 다시지소,전라남도 나주시 다시면 다시로 175-24 ,,
전라남도,나주시,보건소 문평지소,전라남도 나주시 문평면 체암로 289,,
전라남도,나주시,보건소 노안지소,전라남도 나주시 노안면 금산로 14 ,,
전라남도,나주시,보건소 금천지소,전라남도 나주시 금천면 금영로 934 ,,
전라남도,나주시,보건소 산포지소,전라남도 나주시 산포면 산포로 468-15,,
전라남도,나주시,보건소 다도지소,전라남도 나주시 다도면 다도로 759 ,,
전라남도,나주시,보건소 봉황지소,전라남도 나주시 봉황면 죽석길 1,,
전라남도,나주시,보건소 남평보건실,전라남도 나주시 남평읍 남평2호 42-7,,
전라남도,나주시,남평우산 보건진료소,전라남도 나주시 남평읍 지석로 765-5,,
전라남도,나주시,세지성산 보건진료소,전라남도 나주시 세지면 성산덕산길 9-14,,
전라남도,나주시,왕곡신원 보건진료소,전라남도 나주시 왕곡면 예향로 3320,,
전라남도,나주시,왕곡월천 보건진료소,전라남도 나주시 왕곡면 나주서부로 575,,
전라남도,나주시,반남청송 보건진료소,전라남도 나주시 반남면 청송로 367,,
전라남도,나주시,공산백사 보건진료소,전라남도 나주시 공산면 백사장등길 11,,
전라남도,나주시,공산가송 보건진료소,전라남도 나주시 공산면 가양로 239,,
전라남도,나주시,동강대전 보건진료소,전라남도 나주시 동강면 동강로 239,,
전라남도,나주시,동강월송 보건진료소,전라남도 나주시 동강면 인월로 242-1,,
전라남도,나주시,문평계로 보건진료소,전라남도 나주시 문평면 문평로 487,,
전라남도,나주시,노안금안 보건진료소,전라남도 나주시 노안면 금안1길 6,,
전라남도,나주시,노안도산 보건진료소,전라남도 나주시 노안면 도산길 3,,
전라남도,나주시,다도방산 보건진료소,전라남도 나주시 다도면 덕림로 8,,
전라남도,나주시,봉황옥산 보건진료소,전라남도 나주시 봉황면 금봉로 288,,
전라남도,나주시,봉황운곡 보건진료소,전라남도 나주시 봉황면 운곡용곡길 9,,
전라남도,나주시,남평읍 행정복지센터,전라남도 나주시 남평읍 남평2로 42-7,,
전라남도,나주시,세지면 행정복지센터,전라남도 나주시 세지면 동창로 130-12,,
전라남도,나주시,왕곡면 행정복지센터,전라남도 나주시 왕곡면 터진목길 10,,
전라남도,나주시,반남면 행정복지센터,전라남도 나주시 반남면 자미로 6,,
전라남도,나주시,공산면 행정복지센터,전라남도 나주시 공산면 공산로128-4 ,,
전라남도,나주시,동강면 행정복지센터,전라남도 나주시 동강면 인동길 28,,
전라남도,나주시,다시면 행정복지센터,전라남도 나주시 다시면 다시로 175-24 ,,
전라남도,나주시,문평면 행정복지센터,전라남도 나주시 문평면 체암로 302 ,,
전라남도,나주시,노안면 행정복지센터,전라남도 나주시 노안면 금산로 14,,
전라남도,나주시,금천면 행정복지센터,전라남도 나주시 금천면 금영로 934 ,,
전라남도,나주시,산포면 행정복지센터,전라남도 나주시 산포면 산포로 468-15,,
전라남도,나주시,다도면 행정복지센터,전라남도 나주시 다도면 다도로 759,,
전라남도,나주시,봉황면 행정복지센터,전라남도 나주시 봉황면 봉황로 753,,
전라남도,나주시,송월동 행정복지센터,전라남도 나주시 송월4길 7,,
전라남도,나주시,영강동 행정복지센터,전라남도 나주시 삼영1길 8,,
전라남도,나주시,금남동 행정복지센터,전라남도 나주시 금성관길 9,,
전라남도,나주시,성북동 행정복지센터,전라남도 나주시 성북2길 6,,
전라남도,나주시,영산동 행정복지센터,전라남도 나주시 예향로 3872,,
전라남도,나주시,이창동 행정복지센터,전라남도 나주시 영산포로 182-7,,
전라남도,나주시,빛가람동 행정복지센터,전라남도 나주시 빛가람로 719,,
전라남도,나주시,중흥S클래스센트럴1차,전라남도 나주시 우정로 77,,
전라남도,나주시,중흥S클래스센트랄2차,전라남도 나주시 우정로 101,,
전라남도,나주시,중흥S클래스 리버티,전라남도 나주시 한빛로 127,,
전라남도,나주시,혁신도시 LH1단지,전라남도 나주시 그린로 63,,
전라남도,나주시,혁신도시 LH2단지,전라남도 나주시 중야1길 42,,
전라남도,나주시,혁신도시 LH3단지,전라남도 나주시 그린로 154,,
전라남도,나주시,에듀캐슬,전라남도 나주시 그린로 276,,
전라남도,나주시,혁신도시 LH5단지,"전라남도 나주시 월정3길 17, 501동",,
전라남도,나주시,혁신도시 LH6단지,"전라남도 나주시 월정3길 25, 601동",,
전라남도,나주시,우미린아파트,"전라남도 나주시 한빛로 61, 101동",,
전라남도,나주시,루멘하임,"전라남도 나주시 그린로 328, 101동",,
전라남도,나주시,사랑으로 부영2차,"전라남도 나주시 그린로 125, 201동",,
전라남도,나주시,사랑으로 부영3차,전라남도 나주시 빛가람로 800,,
전라남도,나주시,이노시티애시앙1차,전라남도 나주시 한빛로 91,,
전라남도,나주시,영무예다음,"전라남도 나주시 월정1길 20, 101동",,
전라남도,나주시,대광로제비앙,전라남도 나주시 그린로 153,,
전라남도,나주시,대방엘리움 1차,전라남도 나주시 중야1길 37,,
전라남도,나주시,대방엘리움 2차,전라남도 나주시 중야1길 15,,
전라남도,나주시,현대아파트,전라남도 나주시 북망문길 40,,
전라남도,나주시,이지더원,빛가람동 550,,
전라남도,나주시,대방노블랜드1차,"전라남도 나주시 대호길 76-8, 101동",,
전라남도,나주시,대방노블랜드2차,전라남도 나주시 대호길 59-15,,
전라남도,나주시,성북주공아파트,전라남도 나주시 대호길 10,,
전라남도,나주시,삼성아파트,전라남도 나주시 죽림동 39,,
전라남도,나주시,송월주공,전라남도 나주시 남고문로 36-14,,
전라남도,나주시,송월부영2차,전라남도 나주시 나주로 41-23,,
전라남도,나주시,힐데스하임,전라남도 나주시 송월동 1141,,
전라남도,나주시,양우내안애센텀시티,전라남도 나주시 송월동 1142,,
전라남도,나주시,용산주공1차,전라남도 나주시 용산동 64-1,,
전라남도,나주시,용산주공2차,전라남도 나주시 영나로 2421,,
전라남도,나주시,삼영부영1차,전라남도 나주시 삼영1길 61,,
전라남도,나주시,호반1차아파트,전라남도 나주시 건재로 209,,
전라남도,나주시,중우하나린,전라남도 나주시 남평읍 강변2길 20,,
전라남도,나주시,양우내안애 1차,전라남도 나주시 남평읍 강변1길 21-31,,
전라남도,나주시,양우내안애 2차,전라남도 나주시 남평읍 지석로 167,,
전라남도,나주시,코오롱 하늘채,전라남도 나주시 천석길 35,,
전라남도,나주시,나주시가족센터,전라남도 나주시 시청길 17,,
전라남도,나주시,람바다 앞,전라남도 나주시 중앙로 41,,
전라남도,나주시,노인회관앞,전라남도 나주시 과원길 38(산정동),,
전라남도,나주시,송월주공 상가 앞,전라남도 나주시 남고문로 36-16(송월동),,
전라남도,나주시,송월부영아파트 입구,전라남도 나주시 나주로 41-17(송월동),,
전라남도,나주시,대방아파트 입구,전라남도 나주시 대호길 76-8(대호동),,
전라남도,나주시,영강농협 앞,전라남도 나주시 영산포로 266(삼영동),,
전라남도,나주시,태양수퍼 옆,전라남도 나주시 이창1길 16(이창동),,
전라남도,나주시,영산포여중 앞,전라남도 나주시 이창1길 32(이창동),,
전라남도,나주시,빛가람동사무소 앞,전라남도 나주시 빛가람로 719 (빛가람동),,
전라남도,나주시,우정사업정보센터 앞,전라남도 나주시 정보화길 1 (빛가람동),,
전라남도,나주시,동신대학교우체국,전라남도 나주시 동신대길 10(대호동),,
전라남도,나주시,빛가람우체국,전라남도 나주시 그린로 312(빛가람동),,
전라남도,나주시,나주우체국,전라남도 나주시 시청길 18(송월동),,
전라남도,나주시,나주성북동우체국,전라남도 나주시 금성길 46(성북동),,
전라남도,나주시,영산포우체국,전라남도 나주시 영산포로 187(영산동),,
전라남도,나주시,남평우체국,전라남도 나주시 남평읍 남평2로 42-8(남평리),,
전라남도,나주시,왕곡우체국,전라남도 나주시 왕곡면 나주서부로 382(덕산리),,
전라남도,나주시,세지우체국,전라남도 나주시 세지면 동창로 130-5(오봉리),,
전라남도,나주시,다도우체국,전라남도 나주시 다도면 다도로 755(신동리),,
전라남도,나주시,봉황우체국,전라남도 나주시 봉황면 봉황로 720-1(죽석리),,
전라남도,나주시,나주금천우체국,전라남도 나주시 금천면 금영로 923(오강리),,
전라남도,나주시,산포우체국,전라남도 나주시 산포면 산포로 420(매성리),,
전라남도,나주시,공산우체국,전라남도 나주시 공산면 공산로 112(금곡리),,
전라남도,나주시,다시우체국,전라남도 나주시 다시면 다시로 187(월태리),,
전라남도,나주시,반남우체국,전라남도 나주시 반남면 고분로 589(흥덕리),,
전라남도,나주시,문평우체국,전라남도 나주시 문평면 체암로 297(안곡리),,
전라남도,나주시,노안우체국,전라남도 나주시 노안면 금산로 29(금동리),,
전라남도,나주시,나주동강우체국,전라남도 나주시 동강면 인동길 25-8(인동리),,
전라남도,광양시,광양시보건소,전라남도 광양시 광양읍 인덕로 1100,,
전라남도,광양시,중마통합보건지소,전라남도 광양시 중마동 중동로 42,,
전라남도,광양시,봉강보건지소,전라남도 광양시 봉강면 비봉길 1,,
전라남도,광양시,옥룡보건지소,전라남도 광양시 옥룡면 신재로 615,,
전라남도,광양시,옥곡보건지소,전라남도 광양시 옥곡면 옥진로 658,,
전라남도,광양시,진상보건지소,전라남도 광양시 진상면 신시길 232,,
전라남도,광양시,진월보건지소,전라남도 광양시 진월면 선소중앙길 32,,
전라남도,광양시,다압보건지소,전라남도 광양시 다압면 섬진강매화로 2147,,
전라남도,광양시,세풍보건진료소,전라남도 광양시 광양읍 부흥길 16,,
전라남도,광양시,사곡보건진료소,전라남도 광양시 광양읍 사곡로 213,,
전라남도,광양시,조령보건진료소,전라남도 광양시 봉강면 성불로 815,,
전라남도,광양시,죽전보건진료소,전라남도 광양시 옥룡면 내천길 4,,
전라남도,광양시,추산보건진료소,전라남도 광양시 옥룡면 백계로 124,,
전라남도,광양시,동곡보건진료소,전라남도 광양시 옥룡면 동동길 43-8,,
전라남도,광양시,대죽보건진료소,전라남도 광양시 옥곡면 대죽1길 108-3,,
전라남도,광양시,어치보건진료소,전라남도 광양시 진상면 백학로 531,,
전라남도,광양시,오사보건진료소,전라남도 광양시 진월면 진월추동길 66,,
전라남도,광양시,월길보건진료소,전라남도 광양시 진월면 섬진강 매화로 826,,
전라남도,광양시,도사보건진료소,전라남도 광양시 다압면 다사길 37,,
전라남도,광양시,금천보건진료소,전라남도 광양시 다압면 평동길 56-7,,
전라남도,광양시,황길보건진료소,전라남도 광양시 골약동 하포길 77,,
전라남도,광양시,태인보건진료소,전라남도 광양시 태인동 용지2길 13,,
전라남도,광양시,더좋은약국,"전라남도 광양시 중마중앙로 13, 1층 (중동)",,
전라남도,광양시,온누리시장약국,"전라남도 광양시 공영로 73, 1층 (중동)",,
전라남도,광양시,백운산약국,전라남도 광양시 광양읍 대림오성로 61,,
전라남도,광양시,광양밝은약국,"전라남도 광양시 광양읍 숲샘길 129, 1층",,
전라남도,광양시,청춘약국,전라남도 광양시 발섬5길 9(중동),,
전라남도,광양시,녹십자약국,"전라남도 광양시 광양읍 대림오성로 100, 1층",,
전라남도,광양시,공약국,"전라남도 광양시 중마중앙로 81, 1층 (중동)",,
전라남도,광양시,광양나라약국,"전라남도 광양시 광양읍 숲샘길 88, 1층",,
전라남도,광양시,열린 약국,"전라남도 광양시 광장로 70, 상가2동 107호 (중동, 성호2차아파트)",,
전라남도,광양시,호남약국,전라남도 광양시 광양읍 신재로 75,,
전라남도,광양시,중동프라자약국,"전라남도 광양시 중마중앙로 87-1, 1층 101호 (중동)",,
전라남도,광양시,길약국,"전라남도 광양시 중마중앙로 71-1, 1층 북동쪽 일부호 (중동)",,
전라남도,광양시,하나로약국,전라남도 광양시 중마중앙로 75 (중동),,
전라남도,광양시,바른약국,전라남도 광양시 사동로 187 (마동),,
전라남도,광양시,성모온누리약국,전라남도 광양시 중마중앙로 15 (중동),,
전라남도,광양시,태인약국,전라남도 광양시 백운1로 153 (태인동),,
전라남도,광양시,조은약국,"전라남도 광양시 광양읍 신재로 18, 1층",,
전라남도,광양시,생약국,전라남도 광양시 광양읍 칠성로 51,,
전라남도,광양시,중마대형약국,"전라남도 광양시 광장로 147, 1층 (중동)",,
전라남도,광양시,용강약국,전라남도 광양시 광양읍 와룡길 9-4,,
전라남도,광양시,그린약국,전라남도 광양시 광양읍 인덕로 996,,
전라남도,광양시,중마약국,전라남도 광양시 중마중앙로 83 (중동),,
전라남도,광양시,광영승주약국,전라남도 광양시 광영로 75 (광영동),,
전라남도,광양시,농협마트약국,"전라남도 광양시 공영로 25, 1층 (중동, 동광양하나트마트내)",,
전라남도,광양시,대웅약국,"전라남도 광양시 공영로 66, 1층 (중동)",,
전라남도,광양시,우리온누리약국,전라남도 광양시 광양읍 매천로 841,,
전라남도,광양시,w-store광양서울약국,전라남도 광양시 진등6길 51 (마동),,
전라남도,광양시,가야산약국,전라남도 광양시 진등길 19 (중동),,
전라남도,광양시,옵티마사랑한약국,"전라남도 광양시 폭포사랑길 99 (금호동, 백운쇼핑센터내 1층)",,
전라남도,광양시,선샤인약국,"전라남도 광양시 광장로 125 (중동, 광양시티프라자 A-110)",,
전라남도,광양시,맑은샘약국,전라남도 광양시 광장로 142 (중동),,
전라남도,광양시,인성약국,전라남도 광양시 광영로 44-1 (광영동),,
전라남도,광양시,보배약국,"전라남도 광양시 공영로 77, 1층 (중동)",,
전라남도,광양시,하나약국,"전라남도 광양시 진상면 학연로 10, 1층",,
전라남도,광양시,로타리큰약국,"전라남도 광양시 광양읍 남문2길 30-39, 1층",,
전라남도,광양시,한우리약국,"전라남도 광양시 중마중앙로 142, 101호 (중동)",,
전라남도,광양시,새옥곡약국,전라남도 광양시 옥곡면 옥진로 675,,
전라남도,광양시,나래약국,"전라남도 광양시 광양읍 용강1길 12, 103~104호 (창덕에버빌상가 )",,
전라남도,광양시,건강약국,"전라남도 광양시 금영로 153, 1층 (광영동)",,
전라남도,광양시,국제온누리약국,"전라남도 광양시 광양읍 백운로 1, 1층",,
전라남도,광양시,무등온누리약국,전라남도 광양시 백운로 1109 (중동),,
전라남도,광양시,큰사랑약국,전라남도 광양시 금영로 149 (광영동),,
전라남도,광양시,한샘약국,전라남도 광양시 중마중앙로 55 (중동),,
전라남도,광양시,세종약국,전라남도 광양시 광양읍 칠성로 55,,
전라남도,광양시,팔마약국,전라남도 광양시 광양읍 신재로 48,,
전라남도,광양시,십자당약국,전라남도 광양시 광양읍 읍성길 151,,
전라남도,광양시,메디팜명재약국,전라남도 광양시 광양읍 순광로 697,,
전라남도,광양시,메디팜유진약국,"전라남도 광양시 중마로 172, 1층 (중동)",,
전라남도,광양시,천일온누리약국,전라남도 광양시 중마중앙로 79 (중동),,
전라남도,광양시,백제약국,전라남도 광양시 광양읍 순광로 689,,
전라남도,광양시,제철구내약국,전라남도 광양시 백운로 1638-11 (금호동),,
전라남도,담양군,담양보건소,전라남도 담양군 담양읍 완동길 10-11,,
전라남도,담양군,봉산보건지소,전라남도 담양군 봉산면 신학길 8,,
전라남도,담양군,고서보건지소,전라남도 담양군 고서면 원등1길 11,,
전라남도,담양군,가사문학보건지소,전라남도 담양군 가사문학면 가사문학로 1143-17,,
전라남도,담양군,창평보건지소,전라남도 담양군 창평면 의병로 118,,
전라남도,담양군,대덕보건지소,전라남도 대덕면 창평현로 903,,
전라남도,담양군,무정보건지소,전라남도 담양군 무정면 술지2길 20-10,,
전라남도,담양군,금성보건지소,전라남도 담양군 금성면 석현길 10-7,,
전라남도,담양군,용면보건지소,전라남도 담양군 용면 추월산로 369,,
전라남도,담양군,월산보건지소,전라남도 담양군 월산면 도개길 15-36,,
전라남도,담양군,수북보건지소,전라남도 담양군 수북면 추성1로 705,,
전라남도,담양군,대전보건지소,전라남도 담양군 대전면 대치8길 21-5,,
전라남도,담양군,양지보건진료소,전라남도 담양군 봉산면 양지길 17,,
전라남도,담양군,원주보건진료소,전라남도 담양군 고서면 주평길 30,,
전라남도,담양군,인암보건진료소,전라남도 담양군 가사문학면 인암길 20-9,,
전라남도,담양군,용대보건진료소,전라남도 담양군 대덕면 용대길 38,,
전라남도,담양군,금산보건진료소,전라남도 담양군 대덕면 금산길 315,,
전라남도,담양군,덕성보건진료소,전라남도 담양군 금성면 덕성길 48-8,,
전라남도,담양군,외추보건진료소,전라남도 담양군 금성면 외추길 17-7,,
전라남도,담양군,용연보건진료소,전라남도 담양군 용면 분통길 25,,
전라남도,담양군,복정보건진료소,전라남도 담양군 월산면 도개길 15-36,,
전라남도,담양군,수남보건진료소,전라남도 담양군 수북면 한수동로 352-7,,
전라남도,담양군,삼산보건진료소,전라남도 담양군 대전면 덕진옥산길 6,,
전라남도,담양군,하나로약국,전라남도 담양군 담양읍 담주3길 3,,
전라남도,담양군,영생약국,전라남도 담양군 담양읍 중앙로 25-1,,
전라남도,담양군,담양약국,전라남도 담양군 담양읍 중앙로 29-7,,
전라남도,담양군,건강약국,전라남도 담양군 담양읍 중앙로 34,,
전라남도,담양군,신약국(한약취급),전라남도 담양군 담양읍 중앙로 40-1,,
전라남도,담양군,김약국,전라남도 담양군 담양읍 천변7길 26,,
전라남도,담양군,참약국,전라남도 담양군 담양읍 객사길 10,,
전라남도,담양군,새희망약국,전라남도 담양군 담양읍 죽녹원로 51,,
전라남도,담양군,태성약국,전라남도 담양군 담양읍 죽향대로 1201,,
전라남도,담양군,담양종로약국,전라남도 담양군 담양읍 중앙로 30-1,,
전라남도,담양군,미래온누리약국,전라남도 담양군 담양읍 지침3길 5,,
전라남도,담양군,터미널약국,전라남도 담양군 담양읍 지침3길 8-1,,
전라남도,담양군,담양좋은약국,전라남도 담양군 담양읍 천변7길 23,,
전라남도,담양군,고서약국,전라남도 담양군 고서면 가사문학로 329,,
전라남도,담양군,우리약국,전라남도 담양군 고서면 원등1길 4,,
전라남도,담양군,한재약국,전라남도 담양군 대전면 추성1로 190,,
전라남도,담양군,태원약국,전라남도 담양군 대전면 추성1로 198,,
전라남도,담양군,수북좋은약국,전라남도 담양군 수북면 한수동로 564,,
전라남도,담양군,담양유명약국,전라남도 담양군 수북면 추성1로 734,,
전라남도,담양군,창평미소약국,전라남도 담양군 창평면 의병로 126-1,,
전라남도,담양군,창평종로약국,전라남도 담양군 창평면 의병로 131,,
전라남도,담양군,창평약국,전라남도 담양군 창평면 의병로 137,,
전라남도,곡성군,보건의료원,전라남도 곡성군 곡성읍 곡성로 854,,
전라남도,곡성군,오곡보건지소,전라남도 곡성군 오곡면 기차마을로 120,,
전라남도,곡성군,삼기보건지소,전라남도 곡성군 삼기면 원등1길 65,,
전라남도,곡성군,석곡보건지소,전라남도 곡성군 석곡면 석곡로79,,
전라남도,곡성군,목사동보건지소,전라남도 곡성군 목사동면 평리고두길 58,,
전라남도,곡성군,죽곡보건지소,전라남도 곡성군 죽곡면 오죽로5,,
전라남도,곡성군,고달보건지소,전라남도 곡성군 고달면 목동1길 16,,
전라남도,곡성군,옥과보건지소,전라남도 곡성군 옥과면 리문6길 25,,
전라남도,곡성군,입면보건지소,전라남도 곡성군 입면 금산택촌길 6,,
전라남도,곡성군,압록보건진료소,전라남도 곡성군 오곡면 섬진강로 1066,,
전라남도,곡성군,근촌보건진료소,전라남도 곡성군 삼기면 노치로1235,,
전라남도,곡성군,연반보건진료소,전라남도 곡성군 석곡면 전기길51-6,,
전라남도,곡성군,염곡보건진료소,전라남도 곡성군 석곡면 염곡길25,,
전라남도,곡성군,대곡보건진료소,전라남도 곡성군 목사동면 대곡당산길 10,,
전라남도,곡성군,죽정보건진료소,전라남도 곡성군 목사동면 주목로 552-2,,
전라남도,곡성군,동계보건진료소,전라남도 곡성군 죽곡면 동계길 74,,
전라남도,곡성군,봉정보건진료소,전라남도 곡성군 죽곡면 봉정범계길7,,
전라남도,곡성군,백곡보건진료소,전라남도 곡성군 고달면고주로242,,
전라남도,곡성군,합강보건진료소,전라남도 곡성군 옥과면 월파로 447,,
전라남도,곡성군,삼오보건진료소,전라남도 곡성군 입면 삼오삼응길 26,,
전라남도,곡성군,흥복보건진료소,전라남도 곡성군 겸면 산이재로 687,,
전라남도,곡성군,남양보건진료소,전라남도 곡성군 겸면 곡순로 1866,,
전라남도,곡성군,봉동보건진료소,전라남도 곡성군 오산면 오산로 605-1,,
전라남도,곡성군,선세보건진료소,전라남도 곡성군 오산면 작천길17,,
전라남도,곡성군,보건약국,전라남도 곡성군 곡성읍 중앙로 89,,
전라남도,곡성군,정민약국,전라남도 곡성군 곡성읍 중앙로 99,,
전라남도,곡성군,온누리중앙,전라남도 곡성군 곡성읍 중앙로 119,,
전라남도,곡성군,곡성종로약국,전라남도 곡성군 곡성읍 중앙로 105,,
전라남도,곡성군,곡성건강약국,전라남도 곡성군 곡성읍 곡성로 761,,
전라남도,곡성군,다나은약국,전라남도 곡성군 곡성읍 곡성로 852,,
전라남도,곡성군,상아약국,전라남도 곡성군 옥과면 대학로 136,,
전라남도,곡성군,온누리건강한약국,전라남도 곡성군 옥과면 대학로 158,,
전라남도,곡성군,수성종로약국,전라남도 곡성군 옥과면 리문5길 9-2,,
전라남도,곡성군,설산약국,전라남도 곡성군 옥과면 대학로 160,,
전라남도,곡성군,정성약국,전라남도 곡성군 옥과면 대학로 191,,
전라남도,곡성군,장수약국,전라남도 곡성군 옥과면 리문5길 7,,
전라남도,곡성군,심약국,전라남도 곡성군 석곡면 석곡로 53,,
전라남도,곡성군,광주약국,전라남도 곡성군 석곡면 석곡로 56,,
전라남도,곡성군,느티나무약국,전라남도 곡성군 곡성읍 읍내14길 8,,
전라남도,구례군,구례군 보건의료원,전라남도 구례군 구례읍 동편제길 30,,
전라남도,구례군,문척보건지소,전라남도 구례군 문척면 수달생태로 281,,
전라남도,구례군,간전보건지소,전라남도 구례군 간전면 안음길 3,,
전라남도,구례군,토지복지소,전라남도 구례군 토지면 섬진강대로 5033,,
전라남도,구례군,마산보건지소,전라남도 구례군 마산면 화엄사로 159,,
전라남도,구례군,광의보건지소,전라남도 구례군 광의면 철쭉동산로 14,,
전라남도,구례군,용방보건지소,전라남도 구례군 용방면 하용길 5,,
전라남도,구례군,산동보건지소,전라남도 구례군 산동면 원촌1길 13-5,,
전라남도,구례군,계산보건진료소,전라남도 구례군 구례읍 하유길 21-29,,
전라남도,구례군,죽마보건진료소,전라남도 구례군 문척면 죽연길 18-17,,
전라남도,구례군,토금보건진료소,전라남도 구례군 문척면 토금길 108-1,,
전라남도,구례군,효곡보건진료소,전라남도 구례군 간전면 효죽길 1,,
전라남도,구례군,외곡보건진료소,전라남도 구례군 토지면 피아골로 7,,
전라남도,구례군,하천보건진료소,전라남도 구례군 간전면 하천길 32,,
전라남도,구례군,내동보건진료소,전라남도 구례군 토지면 피아골 665,,
전라남도,구례군,도암보건진료소,전라남도 구례군 용방면 도암1길 28,,
전라남도,구례군,이평보건진료소,전라남도 구례군 산동면 이촌길 4,,
전라남도,구례군,외산보건진료소,전라남도 구례군 산동면 내온길 13,,
전라남도,구례군,원달보건진료소,전라남도 구례군 산동면 단전길 14,,
전라남도,구례군,관산보건진료소,전라남도 구례군 관산구산길 59-14,,
전라남도,고흥군,고흥군보건소,전라남도 고흥군 고흥읍 등암3길 5,,
전라남도,고흥군,도양보건지소,전라남도 고흥군도양읍 녹동 남촌 2길 14,,
전라남도,고흥군,풍양보건지소,전라남도 고흥군풍양면 죽시장터길 3,,
전라남도,고흥군,도덕보건지소,전라남도 고흥군도덕면 고흥로 491,,
전라남도,고흥군,금산보건지소,전라남도 고흥군금산면 거금중앙길 86-4,,
전라남도,고흥군,도화보건지소,전라남도 고흥군도화면 도화로 502,,
전라남도,고흥군,포두보건지소,전라남도 고흥군포두면 우주로 597,,
전라남도,고흥군,봉래보건지소,전라남도 고흥군봉래면 축정1길 16,,
전라남도,고흥군,동일보건지소,전라남도 고흥군동일면 양화길 10,,
전라남도,고흥군,점암보건지소,전라남도 고흥군점암면 점암학교길 28,,
전라남도,고흥군,영남보건지소,전라남도 고흥군영남면 해맞이로 10,,
전라남도,고흥군,과역보건지소,전라남도 고흥군과역면 송학큰길52-1,,
전라남도,고흥군,남양보건지소,전라남도 고흥군남양면 남양로 26,,
전라남도,고흥군,동강보건지소,전라남도 고흥군동강면 서민호길 5,,
전라남도,고흥군,대서보건지소,전라남도 고흥군대서면 봉두로 579,,
전라남도,고흥군,두원중앙보건지소,전라남도 고흥군두원면 두원로482,,
전라남도,고흥군,두원북보건지소,전라남도 고흥군두원면 두원로 896,,
전라남도,고흥군,득량보건진료소,전라남도 고흥군 도양읍 득량관선길 89-13,,
전라남도,고흥군,시산보건진료소,전라남도 고흥군 도양읍 시산살푸섬길 1,,
전라남도,고흥군,풍남보건진료소,전라남도 고흥군 풍양면 천마로 1497,,
전라남도,고흥군,가야보건진료소,전라남도 고흥군 도덕면 고흥만로 484,,
전라남도,고흥군,오천보건진료소,전라남도 고흥군 금산면 오천서당길 14-11,,
전라남도,고흥군,신평보건진료소,전라남도 고흥군 금산면 평산1길14,,
전라남도,고흥군,연홍보건진료소,전라남도 고흥군 금산면 연홍길 30,,
전라남도,고흥군,신호보건진료소,전라남도 고흥군 도화면 문안길 217-3,,
전라남도,고흥군,가화보건진료소,전라남도 고흥군 도화면 황촌길 39-8,,
전라남도,고흥군,발포보건진료소,전라남도 고흥군 도화면 충무사길 113,,
전라남도,고흥군,지죽보건진료소,전라남도 고흥군 도화면 지호길 7-3,,
전라남도,고흥군,옥강보건진료소,전라남도 고흥군 포두면 내초안길 12,,
전라남도,고흥군,남성보건진료소,전라남도 고흥군 포두면 남성3길 9,,
전라남도,고흥군,송산보건진료소,전라남도 고흥군 포두면 송산길 61,,
전라남도,고흥군,오취보건진료소,전라남도 고흥군 포두면 오취길 267,,
전라남도,고흥군,사양보건진료소,전라남도 고흥군 봉래면 사양선창길 69,,
전라남도,고흥군,화계보건진료소,전라남도 고흥군 점암면 화전1길 21-6,,
전라남도,고흥군,남열보건진료소,전라남도 고흥군 영남면 남열본동2길 14,,
전라남도,고흥군,금사보건진료소,전라남도 고흥군 영남면 사도진해안길 141,,
전라남도,고흥군,백일보건진료소,전라남도 고흥군 과역면 백일길 315-30,,
전라남도,고흥군,노일보건진료소,전라남도 고흥군 과역면 내로당날길 3,,
전라남도,고흥군,망주보건진료소,전라남도 고흥군 남양면 망월로 89-8,,
전라남도,고흥군,죽암보건진료소,전라남도 고흥군 동강면 죽암안길 59,,
전라남도,고흥군,신기보건진료소,전라남도 고흥군 대서면 거북2길 8,,
전라남도,고흥군,대전보건진료소,전라남도 고흥군 두원면 두원로 1168,,
전라남도,고흥군,풍류보건진료소,전라남도 고흥군 두원면 풍류로 151,,
전라남도,고흥군,고흥종합병원,전라남고 고흥군 고흥읍 고흥로1941,,
전라남도,고흥군,부부약국,전라남도 고흥군 고흥읍 고흥로 1754,,
전라남도,고흥군,국도약국,전라남도 고흥군 고흥읍 고흥로 1943,,
전라남도,고흥군,제일약국,전라남도 고흥군 고흥읍 봉동주공길 1,,
전라남도,고흥군,백화당약국,전라남도 고흥군 고흥읍 봉황길 29,,
전라남도,고흥군,우리약국,전라남도 고흥군 고흥읍 서문여산길 76,,
전라남도,고흥군,큰종로약국,전라남도 고흥군 고흥읍 여산당촌길 11,,
전라남도,고흥군,광주약국,전라남도 고흥군 고흥읍 여산당촌길 13-1,,
전라남도,고흥군,서울약국,전라남도 고흥군 고흥읍 여산당촌길 18,,
전라남도,고흥군,화신약국,전라남도 고흥군 고흥읍 여산당촌길 19,,
전라남도,고흥군,푸른약국,전라남도 고흥군 고흥읍 여산당촌길 7,,
전라남도,고흥군,스타온누리약국,"전라남도 고흥군 고흥읍 터미널길 13, 빅 리치타워 1층 105호",,
전라남도,고흥군,고흥사랑약국,"전라남도 고흥군 고흥읍 터미널길 14, 1층 101호",,
전라남도,고흥군,밝은약국,전라남도 고흥군 고흥읍 터미널길 24,,
전라남도,고흥군,길약국,전라남도 고흥군 고흥읍 터미널길 3,,
전라남도,고흥군,자연약국,전라남도 고흥군 고흥읍 학교길 37,,
전라남도,고흥군,중앙약국,전라남도 고흥군 고흥읍 학교길 66,,
전라남도,고흥군,호남약국,전라남도 고흥군 과역면 고흥로 2972-1,,
전라남도,고흥군,온누리대성약국,전라남도 고흥군 과역면 고흥로 2989,,
전라남도,고흥군,평화약국,전라남도 고흥군 도양읍 녹동남문길 8-23,,
전라남도,고흥군,백제온누리약국,전라남도 고흥군 도양읍 녹동남문길 8-27,,
전라남도,고흥군,도양약국,전라남도 고흥군 도양읍 녹동남촌1길 12,,
전라남도,고흥군,안약국,전라남도 고흥군 도양읍 녹동중앙길 53,,
전라남도,고흥군,메디팜동아약국,전라남도 고흥군 도양읍 비봉로 148-1,,
전라남도,고흥군,신약국,전라남도 고흥군 도양읍 비봉로 153,,
전라남도,고흥군,옵티마 장수약국,전라남도 고흥군 도양읍 차경구렁목길 225,,
전라남도,고흥군,강약국,전라남도 고흥군 도화면 중심길 27,,
전라남도,고흥군,인애약국,전라남도 고흥군 동강면 고흥로 4261,,
전라남도,고흥군,고흥약국,"전라남도 고흥군 동강면 고흥로 4265, 기타일반업무시설",,
전라남도,고흥군,행복한온누리약국,전라남도 고흥군 동강면 동강중촌길 22-14,,
전라남도,고흥군,건강약국,전라남도 고흥군 봉래면 축정1길 10-8,,
전라남도,고흥군,포두약국,전라남도 고흥군 포두면 우주로 587,,
전라남도,보성군,보성보건소,보성읍 송재로 153,,
전라남도,보성군,벌교보건지소,벌교읍 벌교상고길 27,,
전라남도,보성군,노동보건지소,노동면 화전길 37,,
전라남도,보성군,겸백보건지소,겸백면 충의로 2460-1,,
전라남도,보성군,율어보건지소,율어면 상율길 39-11,,
전라남도,보성군,복내보건지소,복내면 개기로 1666-32,,
전라남도,보성군,문덕보건지소,문덕면 장운길 10,,
전라남도,보성군,조성보건지소,조성면 조성4길 10-12,,
전라남도,보성군,득량보건지소,득량면 역전길 15-11,,
전라남도,보성군,회천보건지소,회천면 우암1길 3,,
전라남도,보성군,웅치보건지소,웅치면 일림로 989,,
전라남도,보성군,장암보건진료소?,보성군 벌교읍 장암길 231,,
전라남도,보성군,장도보건진료소?,보성군 벌교읍 장도길 204-17,,
전라남도,보성군,내동보건진료소?,보성군 문덕면 문덕내동길 31-3,,
전라남도,보성군,용전보건진료소?,보성군 조성면 대전길 28,,
전라남도,보성군,마천보건진료소?,보성군 득량면 충의로 1249,,
전라남도,보성군,비봉보건진료소?,보성군 득량면 청암길 41,,
전라남도,보성군,바로나 온누리약국,보성읍 현충로 26,,
전라남도,보성군,보성약국,보성읍 현충로 92,,
전라남도,보성군,보일약국,보성읍 현충로 109,,
전라남도,보성군,신동아약국,보성읍 중앙로 50-1,,
전라남도,보성군,우리들약국,보성읍 현충로 26-2,,
전라남도,보성군,제일약국,보성읍 현충로 89,,
전라남도,보성군,조은약국,보성읍 현충로 92-13,,
전라남도,보성군,우리약국,보성읍 중앙로 61-14,,
전라남도,보성군,건강약국,벌교읍 채동선로 145,,
전라남도,보성군,구세약국,벌교읍 채동선로 224-1,,
전라남도,보성군,대원약국,벌교읍 채동선로 215,,
전라남도,보성군,삼성약국,벌교읍 홍암로 21,,
전라남도,보성군,세종약국,벌교읍 채동선로 269,,
전라남도,보성군,한마음약국,벌교읍 남하로 8,,
전라남도,보성군,벌교희망약국,벌교읍 채동선로 232,,
전라남도,보성군,현대약국,벌교읍 채동선로 247,,
전라남도,보성군,정약국,벌교읍 채동선로 245-1,,
전라남도,보성군,하나약국,벌교읍 홍암로 80,,
전라남도,보성군,새한약국,미력면 가평길 36-19,,
전라남도,보성군,희망약국,복내면 송재로 1830-20,,
전라남도,보성군,가은약국,조성면 조성로 104,,
전라남도,보성군,고흥약국,득량면 예당길 171,,
전라남도,보성군,예당맑은약국,득량면 예당길 180,,
전라남도,화순군,화순군 보건소 민원실,전라남도 화순읍 쌍충로 62,,
전라남도,화순군,앵남리보건진료소,전라남도 화순군 화순읍 신기촌길 13,,
전라남도,화순군,수만리보건진료소,전라남도 화순군 화순읍 문촌길 3-1,,
전라남도,화순군,한천보건지소,전라남도 화순군 한천면 죽헌로 271,,
전라남도,화순군,동가리보건진료소,전라남도 화순군 한천면 외남로 435,,
전라남도,화순군,춘양보건지소,전라남도 화순군 춘양면 강변길 17-1,,
전라남도,화순군,산간리보건진료소,전라남도 화순군 춘양면 산간길 52,,
전라남도,화순군,청풍보건지소,전라남도 화순군 청풍면 평지촌길 40,,
전라남도,화순군,세청리보건진료소,전라남도 화순군 청풍면 산하동길 80,,
전라남도,화순군,이양보건지소,전라남도 화순군 이양면 이양로 93,,
전라남도,화순군,묵곡리보건진료소,전라남도 화순군 이양면 월암길 10,,
전라남도,화순군,매정리보건진료소,전라남도 화순군 이양면 하매정길 5,,
전라남도,화순군,능주보건지소,전라남도 화순군 능주면 관동길 13,,
전라남도,화순군,도곡보건지소,전라남도 화순군 도곡면 효자2길 71,,
전라남도,화순군,신성리보건진료소,전라남도 화순군 도곡면 이문동길 25,,
전라남도,화순군,도암보건지소,전라남도 화순군 도암면 천태로 417,,
전라남도,화순군,용강리보건진료소,전라남도 화순군 도암면 중장터길 37-12,,
전라남도,화순군,이서보건지소,전라남도 화순군 이서면 적벽길 845,,
전라남도,화순군,백아면보건지소,전라남도 화순군 백아면 학천길 20,,
전라남도,화순군,맹리보건진료소,전라남도 화순군 백아면 맹리길 14-2,,
전라남도,화순군,동복보건지소,전라남도 화순군 동복면 오지호로 276,,
전라남도,화순군,신율리보건진료소,전라남도 화순군 동복면 신율길 37,,
전라남도,화순군,사평면보건지소,전라남도 화순군 사평면 사호로 228,,
전라남도,화순군,다산리보건진료소,전라남도 화순군 사평면 효당로 256,,
전라남도,화순군,동면보건지소,전라남도 화순군 동면 충의로 751,,
전라남도,화순군,광주약국,전라남도 화순군 화순읍 자치샘로 19,,
전라남도,화순군,그랜드약국,전라남도 화순군 화순읍 서양로 340,,
전라남도,화순군,나래약국,전라남도 화순군 화순읍 중앙로 95,,
전라남도,화순군,나비약국,전라남도 화순군 화순읍 칠충로 45,,
전라남도,화순군,뉴욕약국,전라남도 화순군 화순읍 서양로 327,,
전라남도,화순군,다나약국,전라남도 화순군 화순읍 중앙로 19,,
전라남도,화순군,도곡제일약국,전라남도 화순군 도곡면 효자1길 14-3,,
전라남도,화순군,미래약국,전라남도 화순군 화순읍 자치샘로 48 (미래타워),,
전라남도,화순군,밝은약국,전라남도 화순군 화순읍 자치샘로 38,,
전라남도,화순군,사평약국,전라남도 화순군 남면 사평길 19,,
전라남도,화순군,삼성약국,전라남도 화순군 능주면 죽수길 94,,
전라남도,화순군,새서울약국,전라남도 화순군 춘양면 춘양로 94-1,,
전라남도,화순군,새종로약국,전라남도 화순군 화순읍 중앙로 87,,
전라남도,화순군,새중앙약국,전라남도 화순군 화순읍 칠충로 103,,
전라남도,화순군,솔약국,"전라남도 화순군 화순읍 진각로 113-1, 1층",,
전라남도,화순군,신세계약국,전라남도 화순군 화순읍 광덕로 177,,
전라남도,화순군,열린성심약국,전라남도 화순군 화순읍 자치샘로 96,,
전라남도,화순군,옵티마푸른약국,전라남도 화순군 화순읍 대교로 123,,
전라남도,화순군,은약국,전라남도 화순군 화순읍 만연로 32-1,,
전라남도,화순군,은혜약국,전라남도 화순군 화순읍 서양로 336,,
전라남도,화순군,이양약국,전라남도 화순군 이양면 학포로 558,,
전라남도,화순군,전남약국,전라남도 화순군 화순읍 중앙로 171,,
전라남도,화순군,종약국,전라남도 화순군 화순읍 자치샘로 36,,
전라남도,화순군,진약국,전라남도 화순군 화순읍 자치샘로 23,,
전라남도,화순군,현대약국,전라남도 화순군 화순읍 중앙로 98,,
전라남도,화순군,화순조은약국,전라남도 화순군 화순읍 충의로 107,,
전라남도,화순군,화순종로약국,전라남도 화순군 화순읍 자치샘로 42-2,,
전라남도,화순군,희망약국,전라남도 화순군 화순읍 서양로 334,,
전라남도,화순군,하나로약국,"전라남도 화순군 화순읍 칠충로 121, 103호",,
전라남도,화순군,우리약국,전라남도 화순군 화순읍 칠충로 97,,
전라남도,화순군,바로약국,전라남도 화순군 화순읍 칠충로 150-1,,
전라남도,화순군,대학약국,전라남도 화순군 화순읍 서양로 309,,
전라남도,화순군,플러스약국,전라남도 화순군 화순읍 진각로 125,,
전라남도,화순군,다온약국,"전라남도 화순군 화순읍 중앙로 69, 103호",,
전라남도,장흥군,장흥군보건소,전라남도 장흥군 장흥읍 흥성로 49,,
전라남도,장흥군,관산보건지소,전라남도 장흥군 관산읍 정남진로 27,,
전라남도,장흥군,대덕보건지소,전라남도 장흥군 대덕읍 도청신월로 171-1,,
전라남도,장흥군,용산보건지소,전라남도 장흥군 용산면 장흥대로 2467,,
전라남도,장흥군,안양보건지소,전라남도 장흥군 안양면 남부관광로 728,,
전라남도,장흥군,북부통합지소,전라남도 장흥군 장평면 장평중앙길 29,,
전라남도,장흥군,유치보건지소,전라남도 장흥군 유치면 유치로 22,,
전라남도,장흥군,부산면보건지소,전라마도 장흥군 부산면 부유로 31,,
전라남도,장흥군,회진보건지소,전라남도 장흥군 회진면 회진중앙길 16-9,,
전라남도,장흥군,삼산보건진료소,전라남도 장흥군 관산읍 삼산로 61,,
전라남도,장흥군,죽청보건진료소,전라남도 장흥군 관산읍 죽청2길 4,,
전라남도,장흥군,신리보건진료소,전라남도 장흥군 대덕읍 장흥대로 76,,
전라남도,장흥군,상발보건진료소,전라남도 장흥군 용산면 접정남포로 945,,
전라남도,장흥군,수문보건진료소,전라남도 장흥군 안양면 수문1길 9,,
전라남도,장흥군,장동보건진료소,전라남도 장흥군 장동면 곰치로 10,,
전라남도,장흥군,봉림보건진료소,전라남도 장흥군 장평면 곰치로 845,,
전라남도,장흥군,부평보건진료소,전라남도 장흥군 장평면 임리어곡길 68,,
전라남도,장흥군,대천보건진료소,전라남도 장흥군 유치면 암천길 15-15,,
전라남도,장흥군,대신보건진료소,전라남도 장흥군 회진면 회진로 877,,
전라남도,장흥군,삭금보건진료소,전라남도 장흥군 회진면 가학회진로 867,,
전라남도,장흥군,감초약국,전라남도 장흥군 장흥읍 중앙로1길 8,,
전라남도,장흥군,호남약국,전라남도 장흥군 장흥읍 중앙로1길12,,
전라남도,장흥군,새장흥약국,전라남도 장흥군 장흥읍 중앙로1길7-1,,
전라남도,장흥군,하나로약국,전라남도 장흥군 장흥읍 동교1길33,,
전라남도,장흥군,온누리약국,전라남도 장흥군 장흥읍 남부관광로7,,
전라남도,장흥군,그랜드약국,전라남도 장흥군 장흥읍 부동로3,,
전라남도,장흥군,장생약국,전라남도 장흥군 장흥읍 동교1길 42,,
전라남도,장흥군,솔약국,전라남도 장흥군 장흥읍 동교2길13-21,,
전라남도,장흥군,중앙약국,전라남도 장흥군 장흥읍 중앙로 23,,
전라남도,장흥군,푸른약국,전라남도 장흥군 장흥읍 중앙로15,,
전라남도,장흥군,신화약국,전라남도 장흥군 장흥읍 동교1길 22,,
전라남도,장흥군,조은약국,전라남도 장흥군 회진면 가학회진로 16 19,,
전라남도,장흥군,송약국,전라남도 장흥군 회진면 가학회진로1617-1,,
전라남도,장흥군,소명약국,전라남도 장흥군 관산읍 관산로 89,,
전라남도,장흥군,영생약국,전라남도 장흥군 대덕읍 대대로 925,,
전라남도,장흥군,신생약국,전라남도 장흥군 관산읍 관산로 81-1,,
전라남도,장흥군,솔뫼아파트,전라남도 장흥군 건산남부길 31,,
전라남도,장흥군,미래 2차 아파트,전라남도 장흥군 장흥읍 동교로 43,,
전라남도,장흥군,미래 3차 아파트,전라남도 장흥군 동부로 67-5,,
전라남도,장흥군,수창1차 아파트,전라남도 장흥군 장흥읍 북부로 39,,
전라남도,장흥군,계명아파트,전라남도 장흥군 장흥읍 건산리 766-2,,
전라남도,장흥군,정하리버하임,전라남도 장흥군 동교3길 5,,
전라남도,장흥군,건산주공1차 아파트,전라남도 장흥군 장흥읍 북부로 62-1,,
전라남도,장흥군,건산주공2차 아파트,전라남도 장흥군 장흥읍 북부로 39,,
전라남도,강진군,강진군보건소,강진읍 목리길 11,,
전라남도,강진군,강진군군동보건지소,군동면 진흥로 324-9 ,,
전라남도,강진군,강진군칠량보건지소,칠량면 칠량로 74 ,,
전라남도,강진군,강진군대구보건지소,대구면 수동길 2,,
전라남도,강진군,강진군마량보건지소,마량면 마량4길 4-1 ,,
전라남도,강진군,강진군도암보건지소,도암면 도암중앙로 61,,
전라남도,강진군,강진군신전보건지소,신전면 신전중앙길 15-4,,
전라남도,강진군,강진군성전보건지소,성전면 예향로 12-11,,
전라남도,강진군,강진군작천보건지소,작천면 평리길 37-5,,
전라남도,강진군,강진군병영보건지소,병영면 성남하고길 20 ,,
전라남도,강진군,강진군옴천보건지소,옴천면 개산중앙길 11-12 ,,
전라남도,강진군,강진군칠량면단월보건진료소,칠량면 치산길 7,,
전라남도,강진군,강진군대구면계율보건진료소,대구면 계율길 41,,
전라남도,강진군,강진군도암면신기보건진료소,도암면 월곶로 278 ,,
전라남도,강진군,강진군도암면강정보건진료소,도암면 지석로 460 ,,
전라남도,강진군,강진군신전면송천보건진료소,신전면 운주로 331 ,,
전라남도,강진군,강진군작천면용산보건진료소,작천면 열수로 58 ,,
전라남도,강진군,강진군옴천면영산보건진료소,옴천면 장강로 1776 ,,
전라남도,강진군,강진읍사무소,강진읍 초지길 21,,
전라남도,강진군,군동면사무소,강진군 진흥로 315 ,,
전라남도,강진군,칠량면사무소,?강진군 칠량면 칠량로 67?,,
전라남도,강진군,대구면사무소,강진군 대구면 수동길 18,,
전라남도,강진군,마량면사무소,강진군 마량면 마량8길 20,,
전라남도,강진군,도암면사무소,강진군 도암면 도암중앙로 73,,
전라남도,강진군,신전면사무소,?강진군 신전면 신전중앙길 21,,
전라남도,강진군,성전면사무소,강진군 성전면 예향로 16?,,
전라남도,강진군,작천면사무소,강진군 작천면 평리3길 2?,,
전라남도,강진군,병영면사무소,강진군 성남하고길 22,,
전라남도,강진군,옴천면사무소,강진군 옴천면 개산중앙길 22?,,
전라남도,강진군,건강약국,강진읍 영랑로3길 29-1,,
전라남도,강진군,대성약국,강진읍 탐진로 6,,
전라남도,강진군,강진종로약국,강진읍 영랑로 25,,
전라남도,강진군,한사랑약국,강진읍 중앙로 95,,
전라남도,강진군,국제약국,강진읍 영랑로3길 5-1,,
전라남도,강진군,한겨레약국,강진읍 연지길 19,,
전라남도,강진군,플러스약국,강진읍 평동2길 30,,
전라남도,강진군,강진백제약국,강진읍 영랑로 38,,
전라남도,강진군,강진약국,강진읍 보은로1길 28,,
전라남도,강진군,신한약국,강진읍 영랑로 35,,
전라남도,강진군,하나로약국,칠량면 칠량로 69,,
전라남도,강진군,한솔약국,마량면 마량7길 14-2,,
전라남도,강진군,제일약국,성전면 예향로 1,,
전라남도,강진군,병영약국,병영면 병영성로 117,,
전라남도,강진군,동문,전라남도 강진군 강진읍 동문길 34,,
전라남도,강진군,목화,전라남도 강진군 강진읍 목화길 29,,
전라남도,강진군,고내,전라남도 강진군 강진읍 동문길 15,,
전라남도,강진군,동명,전라남도 강진군 강진읍 시장길 17-9,,
전라남도,강진군,남문,전라남도 강진군 강진읍 영랑로2길 13,,
전라남도,강진군,탑동,전라남도 강진군 강진읍 탑동길 9-1,,
전라남도,강진군,서문,전라남도 강진군 강진읍 탐진로 77,,
전라남도,강진군,신성,전라남도 강진군 강진읍 서성2길 5,,
전라남도,강진군,홍암,전라남도 강진군 강진읍 솔치로 12-3?,,
전라남도,강진군,신풍,전라남도 강진군 성전면 무위사로 8-15,,
전라남도,강진군,교촌,전라남도 강진군 강진읍 향교로 116,,
전라남도,강진군,점수,전라남도 강진군 강진읍 교촌길 62-1,,
전라남도,강진군,목리,전라남도 강진군 강진읍 이학래길 27-2,,
전라남도,강진군,평동,전라남도 강진군 강진읍 금릉3길 10,,
전라남도,강진군,중앙동,전라남도 강진군 강진읍 보은로 79,,
전라남도,강진군,남포,전라남도 강진군 강진읍 남포길 42-2,,
전라남도,강진군,도원,전라남도 강진군 도원길 28,,
전라남도,강진군,호산,전라남도 강진군 강진읍 호산길 20,,
전라남도,강진군,학산,전라남도 강진군 학산길 22?,,
전라남도,강진군,초동,전라남도 강진군 강진읍 초동길 33,,
전라남도,강진군,학림,전라남도 강진군 강진읍 학림길 6,,
전라남도,강진군,신천,전라남도 강진군 강진읍 신천길 58,,
전라남도,강진군,장동,전라남도 강진군 강진읍 영파길 221,,
전라남도,강진군,팔영,전라남도 강진군 강진읍 영파길 101,,
전라남도,강진군,차경,전라남도 강진군 강진읍 영파길 8-29,,
전라남도,강진군,기룡,전라남도 강진군 덕남로 156?,,
전라남도,강진군,덕동,전라남도 강진군 강진덕동길 33,,
전라남도,강진군,춘곡,전라남도?강진군?강진읍 춘곡길 77,,
전라남도,강진군,송정,전라남도 강진군 강진읍 송정길 58,,
전라남도,강진군,장전,전라남도 강진군 강진읍 장전길 42-5,,
전라남도,강진군,화전,전라남도 강진군 강진읍 화전발산길 26,,
전라남도,강진군,송현,전라남도 강진군 강진읍 송덕안길 27-4,,
전라남도,강진군,봉덕,전라남도 강진군 강진읍 송덕길 105-7,,
전라남도,강진군,신학,전라남도 강진군 강진읍 신학길 20,,
전라남도,강진군,부춘,전라남도 강진군 강진읍 지전부춘길 20,,
전라남도,강진군,보전,전라남도 강진군 강진읍 보전길 16-5,,
전라남도,강진군,월정,전라남도 강진군 강진읍 지전로안길 47-20,,
전라남도,강진군,발산,전라남도 강진군 강진읍 화전발산길 82,,
전라남도,강진군,향일,전라남도 강진군 강진읍 지전로 110-4,,
전라남도,강진군,옥치,전라남도 강진군 강진읍 옥치길 37,,
전라남도,강진군,월남,전라남도 강진군 성전면 월남리 887,,
전라남도,강진군,금곡,전라남도 강진군 군동면 금곡길 62,,
전라남도,강진군,신리,전라남도 강진군 군동면 신리길 10-6,,
전라남도,강진군,생동,전라남도 강진군 군동면 생동길 56,,
전라남도,강진군,호동,전라남도 강진군 군동면 호동길 25,,
전라남도,강진군,문화,전라남도 강진군 군동면 문화마을길 6,,
전라남도,강진군,영포,전라남도 강진군 군동면 영포1길 8,,
전라남도,강진군,갈전,전라남도 강진군 군동면 갈전길 13-1,,
전라남도,강진군,오산,전라남도 강진군 군동면 진흥로 171,,
전라남도,강진군,평리,전라남도 강진군 군동면 군동평리길 23,,
전라남도,강진군,시목,전라남도 강진군 군동면 시목안길 7,,
전라남도,강진군,동동,전라남도 강진군 군동면 동동길 99,,
전라남도,강진군,남향,전라남도 강진군 군동면 남향길 24,,
전라남도,강진군,내동,전라남도 강진군 작천면 작천내동길 65,,
전라남도,강진군,안풍,전라남도 강진군 군동면 군동금강길 115,,
전라남도,강진군,서은,전라남도 강진군 군동면 서은길 106,,
전라남도,강진군,화방,전라남도 강진군 군동면 화방1길 6,,
전라남도,강진군,삼화,전라남도 강진군 군동면 금천로 309,,
전라남도,강진군,영화,전라남도 강진군 군동면 영화길 17,,
전라남도,강진군,안지,전라남도 강진군 군동면 안지서길 2,,
전라남도,강진군,신기,전라남도 강진군 도암면 기전로 309,,
전라남도,강진군,석동,전라남도 강진군 군동면 석동길 34,,
전라남도,강진군,풍동,전라남도 강진군 군동면 풍동1길 19,,
전라남도,강진군,봉산,전라남도 강진군 군동면 풍동길 110,,
전라남도,강진군,벽송,전라남도 강진군 칠량면 벽송길 2,,
전라남도,강진군,명암,전라남도 강진군 군동면 명암길 48-2,,
전라남도,강진군,장항,전라남도 강진군 군동면 장항길 8,,
전라남도,강진군,중산,전라남도 강진군 군동면 중산길 14,,
전라남도,강진군,대곡,전라남도 강진군 옴천면 옴천대곡길 71,,
전라남도,강진군,덕천,전라남도 강진군 군동면 덕천2길 20,,
전라남도,강진군,양산,전라남도 강진군 군동면 군장로 310-6,,
전라남도,강진군,석교,전라남도 강진군 군동면 석교로 197,,
전라남도,강진군,평덕,전라남도 강진군 군동면 평덕길 46-1,,
전라남도,강진군,관덕,전라남도 강진군 군동면 동관덕길 17,,
전라남도,강진군,덕마,전라남도 강진군 군동면 덕마길 17,,
전라남도,강진군,금사,전라남도 강진군 군동면 금사길 62,,
전라남도,강진군,월봉,전라남도 강진군 군동면 금사길 193,,
전라남도,강진군,비자동,전라남도 강진군 군동면 비자동1길 14,,
전라남도,강진군,합섬,전라남도 강진군 군동면 비자동2길 12,,
전라남도,강진군,연화,전라남도 강진군 군동면 연화길 17,,
전라남도,강진군,학평,전라남도 강진군 군동면 학평길 66,,
전라남도,강진군,영동,전라남도 강진군 칠량면 영동안길 23,,
전라남도,강진군,강동,전라남도 강진군 칠량면 칠량로 68-4,,
전라남도,강진군,월궁,전라남도 강진군 칠량면 월궁길 2,,
전라남도,강진군,운산,전라남도 강진군 칠량면 영동1길 118,,
전라남도,강진군,연곡,전라남도 강진군 칠량면 영동1길 182,,
전라남도,강진군,영계,전라남도 강진군 칠량면 송정리 473,,
전라남도,강진군,아산,전라남도 강진군 칠량면 아산길 62,,
전라남도,강진군,반계,전라남도 강진군 칠량면 반계길 7-10,,
전라남도,강진군,장포,전라남도 강진군 칠량면 장계리 6884,,
전라남도,강진군,고현,전라남도 강진군 칠량면 고현신암길 37-1,,
전라남도,강진군,신암,전라남도 강진군 칠량면 고현신암길 113,,
전라남도,강진군,덕동,전라남도 강진군 칠량면 덕동길 69,,
전라남도,강진군,보련,전라남도 강진군 칠량면 봉황리 119,,
전라남도,강진군,봉황,전라남도 강진군 칠량면 보련봉황길 51-1,,
전라남도,강진군,사부,전라남도 강진군 칠량면 사부길 28,,
전라남도,강진군,영풍,전라남도 강진군 칠량면 영복리 335-6,,
전라남도,강진군,만복,전라남도 강진군 칠량면 영복리 743,,
전라남도,강진군,한림와촌,전라남도 강진군 칠량면 청자로 685-9,,
전라남도,강진군,동백,전라남도 강진군 칠량면 동백로 206,,
전라남도,강진군,현천,전라남도 강진군 칠량면 현천길 60,,
전라남도,강진군,벽송,전라남도 강진군 칠량면 벽송길 2,,
전라남도,강진군,구로,전라남도 강진군 칠량면 송로리 248,,
전라남도,강진군,송산,전라남도 강진군 칠량면 송산1길 8,,
전라남도,강진군,송촌,전라남도 강진군 칠량면 송정리 238,,
전라남도,강진군,신흥,전라남도 강진군 신전면 신흥길 54,,
전라남도,강진군,삼강,전라남도 강진군 칠량면 삼흥안길 96-6,,
전라남도,강진군,목암,전라남도 강진군 칠량면 목암길 85-5,,
전라남도,강진군,율변,전라남도 강진군 칠량면 단월리 366,,
전라남도,강진군,월송,전라남도 강진군 칠량면 칠량월송길 45-2,,
전라남도,강진군,명주,전라남도 강진군 칠량면 명주리 360-2,,
전라남도,강진군,사구,전라남도 강진군 칠량면 명주1길 165,,
전라남도,강진군,중흥,전라남도 강진군 칠량면 중흥태평길 10,,
전라남도,강진군,학동,전라남도 강진군 칠량면 칠량학동길 53,,
전라남도,강진군,수동,전라남도 강진군 대구면 사당리 514,,
전라남도,강진군,백사,전라남도 강진군 대구면 사당리 514,,
전라남도,강진군,미산,전라남도 강진군 대구면 미산길 36,,
전라남도,강진군,당전,전라남도 강진군 대구면 사당리 462,,
전라남도,강진군,남호,전라남도 강진군 대구면 구수리 1187,,
전라남도,강진군,구곡,전라남도 강진군 대구면 구수리 812,,
전라남도,강진군,상저,전라남도 강진군 대구면 상저길 25,,
전라남도,강진군,중저,전라남도 강진군 대구면 중저길 75,,
전라남도,강진군,하저,전라남도 강진군 대구면 저두리 396,,
전라남도,강진군,용문,전라남도 강진군 대구면 용문길 34,,
전라남도,강진군,항동,전라남도 강진군 대구면 정수사길 317,,
전라남도,강진군,계치,전라남도 강진군 대구면 계율길 39,,
전라남도,강진군,청용,전라남도 강진군 도암면 청룡길 50,,
전라남도,강진군,난산,전라남도 강진군 대구면 계율길 200,,
전라남도,강진군,산동,전라남도 강진군 마량면 마량영동로 344-1,,
전라남도,강진군,영춘,전라남도 강진군 마량면 영춘길 3-1,,
전라남도,강진군,상분,전라남도 강진군 마량면 상분길 15,,
전라남도,강진군,하분,전라남도 강진군 마량면 하분2길 7,,
전라남도,강진군,원포,전라남도 강진군 마량면 원포길 19,,
전라남도,강진군,연동,전라남도 강진군 마량면 청자로 2469,,
전라남도,강진군,숙마,전라남도 강진군 마량면 숙마길 8,,
전라남도,강진군,신마,전라남도 강진군 마량면 삼마로 115,,
전라남도,강진군,1구,전라남도 강진군 마량면 마량2길 19-1,,
전라남도,강진군,2구,전라남도 강진군 마량면 마량5길 26?,,
전라남도,강진군,서중,전라남도 강진군 마량면 서중길 13,,
전라남도,강진군,수인,전라남도 강진군 마량면 수인안길 9-1,,
전라남도,강진군,덕촌,전라남도 강진군 도암면 덕촌길 41,,
전라남도,강진군,청용,전라남도 강진군 대구면 계율길 117-12,,
전라남도,강진군,만세,전라남도 강진군 도암면 만세길 150,,
전라남도,강진군,귀라,전라남도 강진군 도암면 귀라1길 29,,
전라남도,강진군,계산,전라남도 강진군 도암면 계산길 107,,
전라남도,강진군,영동,전라남도 강진군 도암면 도암영동길 36,,
전라남도,강진군,마점,전라남도 강진군 도암면 마점길 3,,
전라남도,강진군,보동,전라남도 강진군 도암면 다산수련원길 20,,
전라남도,강진군,귤동,전라남도 강진군 도암면 다산초당길 42,,
전라남도,강진군,덕산,전라남도 강진군 도암면 다산초당1길 30-3,,
전라남도,강진군,신평,전라남도 강진군 도암면 신평길 111,,
전라남도,강진군,선장,전라남도 강진군 도암면 학장로 153-3,,
전라남도,강진군,표장,전라남도 강진군 도암면 학장로 199,,
전라남도,강진군,송학,전라남도 강진군 도암면 도암송학길 91-9,,
전라남도,강진군,율포,전라남도 강진군 도암면 만덕간척로 88-8,,
전라남도,강진군,가우도,전라남도 강진군 도암면 가우도길 27,,
전라남도,강진군,항촌,전라남도 강진군 도암면 항촌안길 7,,
전라남도,강진군,장촌,전라남도 강진군 도암면 도암중앙로 56-1,,
전라남도,강진군,옥전,전라남도 강진군 도암면 옥전2길 4,,
전라남도,강진군,석천,전라남도 강진군 도암면 석천길 2-1,,
전라남도,강진군,성자,전라남도 강진군 도암면 성자길 49,,
전라남도,강진군,신리,전라남도 강진군 군동면 신리길 10-6,,
전라남도,강진군,월하,전라남도 강진군 도암면 월하안길 26,,
전라남도,강진군,봉황,전라남도 강진군 도암면 봉황로 334-10,,
전라남도,강진군,부흥,전라남도 강진군 작천면 하당2길 1,,
전라남도,강진군,용산,전라남도 강진군 도암면 용산길 65,,
전라남도,강진군,신기,전라남도 강진군 성전면 성전신기2길 6,,
전라남도,강진군,용암,전라남도 강진군 도암면 용암길 27,,
전라남도,강진군,망호,전라남도 강진군 도암면 망호길 27,,
전라남도,강진군,지석,전라남도 강진군 도암면 지석마을길 59,,
전라남도,강진군,동령,전라남도 강진군 성전면 동령길 24,,
전라남도,강진군,회룡,전라남도 강진군 도암면 회룡1길 42-3,,
전라남도,강진군,강성,전라남도 강진군 도암면 강성길 10,,
전라남도,강진군,산정,전라남도 강진군 도암면 지석로 466,,
전라남도,강진군,만년,전라남도 강진군 도암면 만년길 108,,
전라남도,강진군,신덕,전라남도 강진군 도암면 신덕길 124,,
전라남도,강진군,수양,전라남도 강진군 신전면 수양길 90-3,,
전라남도,강진군,삼인,전라남도 강진군 신전면 수양리 79-3,,
전라남도,강진군,봉양,전라남도 강진군 신전면 주작봉양길 41-2,,
전라남도,강진군,노해,전라남도 강진군 신전면 노해길 39,,
전라남도,강진군,백용,전라남도 강진군 신전면 백용길 40,,
전라남도,강진군,대월,전라남도 강진군 성전면 대월달마지길 136-2,,
전라남도,강진군,부춘,전라남도 강진군 강진읍 지전부춘길 20,,
전라남도,강진군,어관,전라남도 강진군 신전면 어관신안길 24,,
전라남도,강진군,영수,전라남도 강진군 신전면 영관리 583-3,,
전라남도,강진군,논정,전라남도 강진군 신전면 논정길 6,,
전라남도,강진군,대벌,전라남도 강진군 신전면 대벌길 32,,
전라남도,강진군,약천,전라남도 강진군 신전면 약천길 8,,
전라남도,강진군,송천,전라남도 강진군 신전면 운주로 359,,
전라남도,강진군,사초,전라남도 강진군 신전면 사초안길 36,,
전라남도,강진군,백화,전라남도 강진군 신전면 백화길 14,,
전라남도,강진군,신정,전라남도 강진군 신전면 신정길 24,,
전라남도,강진군,용정,전라남도 강진군 작천면 용상리 153번지 1호,,
전라남도,강진군,신흥,전라남도 강진군 신전면 신흥길 54,,
전라남도,강진군,신월,전라남도 강진군 성전면 예향로 745-65,,
전라남도,강진군,상월,전라남도 강진군 성전면 월남리 152,,
전라남도,강진군,월남,전라남도 강진군 성전면 월남리 887,,
전라남도,강진군,달빛한옥,전라남도 강진군 성전면 달빛한옥길 2 (달빛한옥마을경로당),,
전라남도,강진군,안운,전라남도 강진군 성전면 월하안운길 100-14,,
전라남도,강진군,월하,전라남도 강진군 성전면 월하리 233,,
전라남도,강진군,죽전,전라남도 강진군 성전면 죽전길 11,,
전라남도,강진군,신풍,전라남도 강진군 성전면 두원길 87,,
전라남도,강진군,영흥,전라남도 강진군 성전면 영흥길 74,,
전라남도,강진군,월송,전라남도 강진군 성전면 월송길 13,,
전라남도,강진군,신안,전라남도 강진군 성전면 녹향월촌길 46,,
전라남도,강진군,대월,전라남도 강진군 신전면 대월월해길 79,,
전라남도,강진군,제전,전라남도 강진군 성전면 제전길 11,,
전라남도,강진군,월산,전라남도 강진군 성전면 월평리 253-1,,
전라남도,강진군,처인,전라남도 강진군 성전면 처인1길 11,,
전라남도,강진군,원기,전라남도 강진군 성전면 예향로 11-6,,
전라남도,강진군,신시,전라남도 강진군 성전면 예향로 745-65,,
전라남도,강진군,시천,전라남도 강진군 성전면 시천길 16,,
전라남도,강진군,랑동,전라남도 강진군 성전면 성전리 879,,
전라남도,강진군,용운,전라남도 강진군 성전면 용운길 46-12,,
전라남도,강진군,도림,전라남도 강진군 성전면 도림리 514,,
전라남도,강진군,신예,전라남도 강진군 성전면 도림리 145,,
전라남도,강진군,장등,전라남도 강진군 성전면 도림리 453,,
전라남도,강진군,금당,전라남도 강진군 성전면 금당리 230,,
전라남도,강진군,거목,전라남도 강진군 성전면 거목길 14,,
전라남도,강진군,송학,전라남도 강진군 성전면 송학길 123,,
전라남도,강진군,당산,전라남도 강진군 성전면 명산리 567,,
전라남도,강진군,명동,전라남도 강진군 성전면 명산리 369,,
전라남도,강진군,오산,전라남도 강진군 성전면 오산길 24,,
전라남도,강진군,동령,전라남도 강진군 도암면 지석로 756?,,
전라남도,강진군,신기,전라남도 강진군 성전면 성전신기2길 6,,
전라남도,강진군,수암,전라남도 강진군 성전면 수암길 76,,
전라남도,강진군,상평,전라남도 강진군 작천면 평리3길 22,,
전라남도,강진군,하평,전라남도 강진군 작천면 까치내로 817,,
전라남도,강진군,죽현,전라남도 강진군 작천면 박산죽현길 153,,
전라남도,강진군,박산,전라남도 강진군 작천면 박산1길 37,,
전라남도,강진군,교동,전라남도 강진군 작천면 이지길 79,,
전라남도,강진군,기동,전라남도 강진군 작천면 기동길 33,,
전라남도,강진군,상당,전라남도 강진군 작천면 상당길 13,,
전라남도,강진군,중당,전라남도 강진군 작천면 중당2길 27,,
전라남도,강진군,하당,전라남도 강진군 작천면 하당2길 1,,
전라남도,강진군,부흥,전라남도 강진군 작천면 작천부흥길 36,,
전라남도,강진군,야동,전라남도 강진군 작천면 야흥길 43,,
전라남도,강진군,상남,전라남도 강진군 작천면 효동1길 8-1,,
전라남도,강진군,하남,전라남도 강진군 작천면 화방로 663,,
전라남도,강진군,토동,전라남도 강진군 작천면 토동1길 27,,
전라남도,강진군,이마,전라남도 강진군 작천면 토동1길 27,,
전라남도,강진군,내동,전라남도 강진군 작천면 작천내동길 65,,
전라남도,강진군,신기,전라남도 강진군 군동면 신기길 5,,
전라남도,강진군,부와,전라남도 강진군 작천면 피토골길 3,,
전라남도,강진군,죽산,전라남도 강진군 작천면 죽산길 5,,
전라남도,강진군,용동,전라남도 강진군 작천면 용동길 48,,
전라남도,강진군,용정,전라남도 강진군 작천면 용상리 153번지 1호,,
전라남도,강진군,구상,전라남도 강진군 작천면 구상길 43,,
전라남도,강진군,척동,전라남도 강진군 작천면 척동길 60,,
전라남도,강진군,군자,전라남도 강진군 작천면 군자2길 42,,
전라남도,강진군,행정,전라남도 강진군 작천면 행정길 29,,
전라남도,강진군,갈동,전라남도 강진군 작천면 갈동로1길 3,,
전라남도,강진군,퇴동,전라남도 강진군 작천면 퇴동길 39,,
전라남도,강진군,학동,전라남도 강진군 작천면 학동길 9,,
전라남도,강진군,상림,전라남도 강진군 병영면 상림길 29,,
전라남도,강진군,낙산,전라남도 강진군 병영면 상낙리 615-1,,
전라남도,강진군,지로,전라남도 강진군 병영면 한골목길 98-2,,
전라남도,강진군,동성,전라남도 강진군 병영면 성남리 27,,
전라남도,강진군,남성,전라남도 강진군 병영면 성동리 161,,
전라남도,강진군,성남,전라남도 강진군 병영면 한골목길 13-1,,
전라남도,강진군,박동,전라남도 강진군 병영면 한골목길 52-1,,
전라남도,강진군,동삼인,전라남도 강진군 병영면 삼인리 372-2,,
전라남도,강진군,서삼인,전라남도 강진군 병영면 적벽청류길 33,,
전라남도,강진군,남삼인,전라남도 강진군 병영면 남삼인길 12,,
전라남도,강진군,신지,전라남도 강진군 병영면 삼인리 568-1,,
전라남도,강진군,한림,전라남도 강진군 병영면 한학리 403-1,,
전라남도,강진군,학사,전라남도 강진군 병영면 학사안길 14,,
전라남도,강진군,상고,전라남도 강진군 병영면 상고길 21,,
전라남도,강진군,중고,전라남도 강진군 병영면 중고리 197-1,,
전라남도,강진군,중가,전라남도 강진군 병영면 중고리 286,,
전라남도,강진군,하고,전라남도 강진군 병영면 하고길 37,,
전라남도,강진군,발천,전라남도 강진군 병영면 발천길 66,,
전라남도,강진군,도룡,전라남도 강진군 병영면 도룡길 2,,
전라남도,강진군,용두,전라남도 강진군 병영면 용두길 48,,
전라남도,강진군,백양,전라남도 강진군 병영면 백양1길 34,,
전라남도,강진군,삭둔,전라남도 강진군 병영면 삭둔길 65,,
전라남도,강진군,오추,전라남도 강진군 옴천면 밤재로 5,,
전라남도,강진군,연동,전라남도 강진군 옴천면 연동길 1,,
전라남도,강진군,죽림,전라남도 강진군 옴천면 죽림길 7-14,,
전라남도,강진군,사동,전라남도 강진군 옴천면 사동길 36,,
전라남도,강진군,좌척,전라남도 강진군 옴천면 기좌로 328,,
전라남도,강진군,오곡,전라남도 강진군 옴천면 오곡길 25,,
전라남도,강진군,개산,전라남도 강진군 옴천면 옴천중앙로 87-1,,
전라남도,강진군,대곡,전라남도 강진군 옴천면 옴천대곡길 71,,
전라남도,강진군,정동,전라남도 강진군 옴천면 정동길 84,,
전라남도,강진군,송용,전라남도 강진군 옴천면 송용길 34,,
전라남도,강진군,동막,전라남도 강진군 옴천면 황막길 106,,
전라남도,강진군,화신,전라남도 강진군 옴천면 황막길 11,,
전라남도,강진군,황곡,전라남도 강진군 옴천면 황곡길 13,,
전라남도,강진군,신월,전라남도 강진군 옴천면 월곡길 204,,
전라남도,강진군,구곡,전라남도 강진군 옴천면 월곡길 132-7,,
전라남도,강진군,계원,전라남도 강진군 옴천면 영산길 6,,
전라남도,강진군,영복,전라남도 강진군 옴천면 영복길 51,,
전라남도,영암군,영암군보건소,전라남도 영암군 영암읍 오리정길 39,,
전라남도,영암군,삼호보건지소,전라남도 영암군 삼호읍 세가래1길10-6,,
전라남도,영암군,덕진보건지소,전라남도 영암군 덕진면 예향로 1731,,
전라남도,영암군,금정보건지소,전라남도 영암군 금정면 용두로 11-21,,
전라남도,영암군,신북보건지소,전라남도 영암군 신북면 간은정로 21-8,,
전라남도,영암군,시종보건지소,전라남도 영암군 시종면 내동중앙로 41,,
전라남도,영암군,도포보건지소,전라남도 영암군 도포면 호산로 39,,
전라남도,영암군,군서보건지소,전라남도 영암군 군서면 도갑사로 25,,
전라남도,영암군,서호보건지소,전라남도 영암군 서호면 서호로 288,,
전라남도,영암군,학산보건지소,전라남도 영암군 학산면 독천로 193-1,,
전라남도,영암군,미암보건지소,전라남도 영암군 미암면 미중로 39,,
전라남도,영암군,장암보건진료소,전라남도 영암군 영암읍 마당바우로 105,,
전라남도,영암군,용산보건진료소,전라남도 영암군 덕진면 용산용동길 91-24,,
전라남도,영암군,남송보건진료소,전라남도 영암군 금정면 남송길 24-2,,
전라남도,영암군,갈곡보건진료소,전라남도 영암군 신북면 치릿길 1-8,,
전라남도,영암군,월악보건진료소,전라남도 영암군 시종면 금지로 65,,
전라남도,영암군,신학보건진료소,전라남도 영암군 시종면 신학1로 9,,
전라남도,영암군,해창보건진료소,전라남도 영암군 군서면 온천로 172,,
전라남도,영암군,모정보건진료소,전라남도 영암군 군서면 모정1길 39-2,,
전라남도,영암군,금강보건진료소,전라남도 영암군 서호면 금강길 16,,
전라남도,영암군,용소보건진료소,전라남도 영암군 학산면 천혜길 41,,
전라남도,영암군,은곡보건진료소,전라남도 영암군 학산면 은곡길 48-7,,
전라남도,영암군,미암보건진료소,전라남도 영암군 미암면 미촌길 43,,
전라남도,영암군,신포보건진료소,전라남도 영암군 미암면 곤미현로367,,
전라남도,영암군,정신약국,전라남도 영암군 영암읍 중앙로 25,,
전라남도,영암군,인화약국,전라남도 영암군 시종면 쌍구길 15-1,,
전라남도,영암군,독일약국,전라남도 영암군 학산면 독천로 187,,
전라남도,영암군,월출약국,전라남도 영암군 미암면 영산로 5,,
전라남도,영암군,신북약국,전라남도 영암군 신북면 황금동1길 6,,
전라남도,영암군,대불약국,전라남도 영암군 삼호읍 삼호중앙로 167,,
전라남도,영암군,성골롬반약국,전라남도 영암군 삼호읍 신항로 63-5,,
전라남도,영암군,우리약국,전라남도 영암군 신북면 황금동1길 14,,
전라남도,영암군,시종약국,전라남도 영암군 시종면 내동중앙로 21,,
전라남도,영암군,영암현대약국,전라남도 영암군 영암읍 중앙로 11,,
전라남도,영암군,한솔온누리약국,전라남도 영암군 삼호읍 신항로 63-12,,
전라남도,영암군,금정약국,전라남도 영암군 금정면 용두로 11-1,,
전라남도,영암군,영암종로약국,전라남도 영암군 영암읍 중앙로 42-2 ,,
전라남도,영암군,삼호약국,전라남도 영암군 삼호읍 삼호중앙로 164,,
전라남도,영암군,푸른약국,전라남도 영암군 영암읍 동문로 8,,
전라남도,영암군,건강약국,전라남도 영암군 영암읍 동문로 5,,
전라남도,영암군,으뜸약국,전라남도 영암군 영암읍 낭주로 173,,
전라남도,영암군,보람약국,전라남도 영암군 삼호읍 대불주거로 98,,
전라남도,영암군,코아약국,전라남도 영암군 시종면 마한로 1270,,
전라남도,영암군,조은약국,전라남도 영암군 영암읍 동문안1길 7-8,,
전라남도,영암군,새서울약국,전라남도 영암군 군서면 도갑사로 12,,
전라남도,영암군,부부약국,전라남도 영암군  영암읍 오리정길2,,
전라남도,영암군,서울약국,전라남도 영암군 영암읍 중앙로 68,,
전라남도,영암군,이층약국,"전라남도 영암군 삼호읍 대불주거로 187, 202호",,
전라남도,함평군,함평군보건소,전라남도 함평군 함평읍 중앙길 54-8,,
전라남도,함평군,손불보건지소,전라남도 함평군 손불면 손불중앙길 45,,
전라남도,함평군,신광보건지소,전라남도 함평군 신광면 신광중앙길 84,,
전라남도,함평군,학교보건지소,전라남도 함평군 학교면 함영로 472,,
전라남도,함평군,엄다보건지소,전라남도 함평군 엄다면 엄다길 55,,
전라남도,함평군,대동보건지소,전라남도 함평군 대동면 대동길 5-10,,
전라남도,함평군,나산보건지소,전라남도 함평군 나산면 나산길 118,,
전라남도,함평군,해보보건지소,전라남도 함평군 해보면 유정길 8-11,,
전라남도,함평군,건강증진형 월야보건지소,전라남도 함평군 월야면 밀재로 1489,,
전라남도,함평군,삼정보건진료소,전라남도 함평군 함평읍 함장로 675-13,,
전라남도,함평군,석성보건진료소,전라남도 함평군 함평읍 석성길 10,,
전라남도,함평군,산남보건진료소,전라남도 함평군 손불면 석산로 516,,
전라남도,함평군,월천보건진료소,전라남도 함평군 손불면 손무로 1050,,
전라남도,함평군,죽장보건진료소,전라남도 함평군 손불면 죽암죽장길 356,,
전라남도,함평군,동정보건진료소,전라남도 함평군 신광면 군유로 436,,
전라남도,함평군,금송보건진료소,전라남도 함평군 학교면 중천포로 457,,
전라남도,함평군,복천보건진료소,전라남도 함평군 학교면 고만천로 817,,
전라남도,함평군,영흥보건진료소,전라남도 함평군 엄다면 영흥길 78-23,,
전라남도,함평군,금곡보건진료소,전라남도 함평군 대동면 옥동길 15,,
전라남도,함평군,덕산보건진료소,전라남도 함평군 대동면 외덕길 7,,
전라남도,함평군,용두보건진료소,전라남도 함평군 나산면 회화정길 17,,
전라남도,함평군,대각보건진료소,전라남도 함평군 해보면 올림픽로 1018,,
전라남도,함평군,계림보건진료소,전라남도 함평군 월야면 금치죽림길 4-6,,
전라남도,함평군,양정보건진료소,전라남도 함평군 월야면 갈동길 25,,
전라남도,함평군,정산보건진료소,전라남도 함평군 월야면 문화로 872-4,,
전라남도,함평군,건강약국,전라남도 함평군 학교면 함영로 498 학교농협,,
전라남도,함평군,광주약국,전라남도 함평군 월야면 밀재로 1511 ,,
전라남도,함평군,대동약국,전라남도 함평군 함평읍 중앙길 133,,
전라남도,함평군,미래약국,전라남도 함평군 해보면 밀재로 1293 1293,,
전라남도,함평군,백세로약국,전라남도 함평군 함평읍 중앙길 70 ,,
전라남도,함평군,사거리약국,전라남도 함평군 학교면 함영로 621-48,,
전라남도,함평군,새태평양약국,전라남도 함평군 나산면 나산길 58,,
전라남도,함평군,우리약국,전라남도 함평군 손불면 손불중앙길 75 75,,
전라남도,함평군,이기세약국,"전라남도 함평군 함평읍 중앙길 80, 연합의원 연합의원",,
전라남도,함평군,중앙약국,전라남도 함평군 함평읍 중앙길 115,,
전라남도,함평군,천지약국,전라남도 함평군 함평읍 영수길 136,,
전라남도,함평군,평화약국,전라남도 함평군 함평읍 광남길 90평화약국,,
전라남도,함평군,하나로 약국,전라남도 함평군 함평읍 내바람길 42 하나로약국,,
전라남도,함평군,함평약국,전라남도 함평군 함평읍 광남길 71 102호 (광주은행(함평지점)),,
전라남도,영광군,영광군보건소,영광군 영광읍 신남로4길 17,,
전라남도,영광군,백수보건지소,영광군 백수읍 백수로11길 16,,
전라남도,영광군,백수논산보건진료소,영광군 군서면 성지로 864,,
전라남도,영광군,강약국,영광읍 옥당로 134,,
전라남도,영광군,녹십자약국,영광읍 천년로 1504,,
전라남도,영광군,동아약국,영광읍 신남로 178,,
전라남도,영광군,새롬약국,영광읍 옥당로 150,,
전라남도,영광군,새종로약국,영광읍 신남로 191-1,,
전라남도,영광군,서울약국,영광읍 옥당로 235-15,,
전라남도,영광군,성심약국,영광읍 신남로 200,,
전라남도,영광군,영광약국,영광읍 신남로 181,,
전라남도,영광군,영광제일약국,영광읍 천년로12길 45,,
전라남도,영광군,우리들약국,영광읍 신남로 225,,
전라남도,영광군,으뜸약국,영광읍 신남로 268,,
전라남도,영광군,은성약국,영광읍 신남로 168,,
전라남도,영광군,인제약국,영광읍 신남로 186,,
전라남도,영광군,조은약국,영광읍 옥당로 155,,
전라남도,영광군,참사랑약국,영광읍 신남로 187,,
전라남도,영광군,하나약국,영광읍 옥당로 170,,
전라남도,영광군,믿음약국,홍농읍 홍농로 457-7,,
전라남도,영광군,준약국,홍농읍 홍농로 457-3,,
전라남도,영광군,호산나약국,염산면 천년로 19-5,,
전라남도,영광군,건강약국,법성면 진굴비길 59,,
전라남도,영광군,인의당약국,법성면 연우로 6,,
전라남도,장성군,장성군보건소,전라남도 장성군 장성읍 청운11길 13,,
전라남도,장성군,삼계보건지소,전라남도 장성군 삼계면 영장로 1585,,
전라남도,장성군,장북보건지소,전라남도 장성군 장성읍 미락단지길 22,,
전라남도,장성군,진원보건지소,전라남도 장성군 진원면 덕주1길 11,,
전라남도,장성군,남면보건지소,전라남도 장성군 남면 못재로 101,,
전라남도,장성군,동화보건지소,전라남도 장성군 동화면 수연로 7,,
전라남도,장성군,북이보건지소,전라남도 장성군 북이면 백양로 32,,
전라남도,장성군,서삼보건지소,전라남도 장성군 서삼면 축령로 366,,
전라남도,장성군,북일보건지소,전라남도 장성군 북일면 신흥로 390,,
전라남도,장성군,북하보건지소,전라남도 장성군 북하면 백양로 894,,
전라남도,장성군,삼서보건지소,전라남도 장성군 삼서면 해삼로 1115,,
전라남도,장성군,진원용산보건진료소,전라남도 장성군 진원면 용산두월길 4,,
전라남도,장성군,동화월산보건진료소,전라남도 장성군 동화면 동화로 121,,
전라남도,장성군,삼서서부보건진료소,전라남도 장성군 삼서면 소도길 1,,
전라남도,장성군,삼서보생보건진료소,전라남도 장성군 삼서면 보강길 3,,
전라남도,장성군,남면마령보건진료소,전라남도 장성군 남면 백운길 12,,
전라남도,장성군,삼계생촌보건진료소,전라남도 장성군 삼계면 생촌길 82,,
전라남도,장성군,황룡필암보건진료소,전라남도 장성군 황룡면 홍길동로 175,,
전라남도,장성군,서삼모암보건진료소,전라남도 장성군 서삼면 주암길 13,,
전라남도,장성군,북이신월보건진료소,전라남도 장성군 북이면 월하길 39,,
전라남도,장성군,북하대악보건진료소,전라남도 장성군 북하면 대악길 ,,
전라남도,장성군,삼서두월보건진료소,전라남도 장성군 삼서면 태산로 479,,
전라남도,장성군,장성읍 행정복지센터,전라남도 장성군 장성읍 영천로 211,,
전라남도,장성군,북하면 행정복지센터,전라남도 장성군 북하면 담장로 4105,,
전라남도,장성군,북이면 행정복지센터,전라남도 장성군 북이면 사남북길 38,,
전라남도,장성군,북일면 행정복지센터,전라남도 장성군 북일면 북부1길 2,,
전라남도,장성군,서삼면 행정복지센터,전라남도 장성군 서삼면 축령로 37,,
전라남도,장성군,황룡면 행정복지센터,전라남도 장성군 황룡면 신월산2길 20,,
전라남도,장성군,삼계면 행정복지센터,전라남도 장성군 삼계면 영장로 1585,,
전라남도,장성군,삼서면 행정복지센터,전라남도 장성군 삼서면 해삼로 1131,,
전라남도,장성군,동화면 행정복지센터,전라남도 장성군 동화면 삼동로 72,,
전라남도,장성군,남면 행정복지센터,전라남도 장성군 남면 못재로 85,,
전라남도,장성군,진원면 행정복지센터,전라남도 장성군 진원면 노사로 495,,
전라남도,장성군,금성약국,전라남도 장성군 장성읍 영천로 123,,
전라남도,장성군,우리약국,전라남도 장성군 장성읍 영천로 204,,
전라남도,장성군,가정약국,전라남도 장성군 장성읍 영천로 208-1,,
전라남도,장성군,중앙약국,전라남도 장성군 장성읍 영천로 128,,
전라남도,장성군,은혜약국,전라남도 장성군 장성읍 강변안길 22-1,,
전라남도,장성군,장성건강약국,전라남도 장성군 장성읍 역전로 169,,
전라남도,장성군,조은약국,전라남도 장성군 삼계면 사창로 63,,
전라남도,장성군,민약국,전라남도 장성군 북이면 백양로 8,,
전라남도,장성군,장성약국,전라남도 장성군 장성읍 영천로 125,,
전라남도,장성군,터미널종로약국,전라남도 장성군 장성읍 영천로 125-1,,
전라남도,장성군,나약국,전라남도 장성군 장성읍 영천로 200-2,,
전라남도,장성군,건강약국,전라남도 장선군 사창로 40,,
전라남도,장성군,신약국,전라남도 장성군 장성읍 영천로 202,,
전라남도,장성군,수약국,전라남도 장성군 황룡면 삼월길 1,,
전라남도,장성군,수미약국,전라남도 장성군 장성읍 영천로 176,,
전라남도,장성군,진원약국,전라남도 장성군 진원면 노사로 502,,
전라남도,완도군,완도군보건의료원,전라남도 완도군 완도읍 농공단지길 34,,
전라남도,완도군,건강약국,전라남도 완도군 신지면 신지로 558-1,,
전라남도,완도군,금일조하약국,전라남도 완도군 금일읍 금일로 391,,
전라남도,완도군,맑은약국,전라남도 완도군 완도읍 개포로130번길 15,,
전라남도,완도군,미래약국,"전라남도 완도군 완도읍 장보고대로 174, 1층",,
전라남도,완도군,우리동네약국,"전라남도 완도군 완도읍 개포로 151, 완도군산림조합",,
전라남도,완도군,청해약국,전라남도 완도군 노화읍 이포길 27-1,,
전라남도,완도군,영신약국,"전라남도 완도군 완도읍 장보고대로 192, 1층",,
전라남도,완도군,하나로약국,전라남도 완도군 완도읍 청해진동로 66,,
전라남도,완도군,흥일약국,전라남도 완도군 완도읍 중앙길 16,,
전라남도,완도군,도미약국,전라남도 완도군 완도읍 장보고대로 282,,
전라남도,완도군,노화약국,"전라남도 완도군 노화읍 노화로 843, 이목복지회관",,
전라남도,완도군,터미널약국,전라남도 완도군 고금면 고금동로 24,,
전라남도,완도군,소안하늘약국,전라남도 완도군 소안면 소안로 187-2,,
전라남도,완도군,금일건강약국,전라남도 완도군 금일읍 금일로 400,,
전라남도,완도군,고금약국,전라남도 완도군 고금면 고금동로 13,,
전라남도,완도군,백제약국,전라남도 완도군 완도읍 개포로 154-7,,
전라남도,완도군,메디팜우리약국,전라남도 완도군 노화읍 노화로 847,,
전라남도,완도군,완도약국,전라남도 완도군 완도읍 개포로114번길 37-4,,
전라남도,완도군,건강마트약국,전라남도 완도군 완도읍 장보고대로 264,,
전라남도,완도군,제일약국,전라남도 완도군 노화읍 이목25번길 46-26,,
전라남도,완도군,남일약국,전라남도 완도군 완도읍 개포로130번길 17,,
전라남도,진도군,진도군보건소,전라남도 진도군 진도읍 남동1길 40-9,,
전라남도,진도군,군내보건지소,전라남도 진도군 군내면 금골길 38,,
전라남도,진도군,고군보건지소,전라남도 진도군 고군면 진도대로 303,,
전라남도,진도군,의신보건지소,전라남도 진도군 의신면 돈지1길 67-12,,
전라남도,진도군,임회보건지소,전라남도 진도군 임회면 십일시길 53-3,,
전라남도,진도군,지산보건지소,전라남도 진도군 지산면 인지인천2길 2,,
전라남도,진도군,조도보건지소,전라남도 진도군 조도면 창유2길 12,,
전라남도,진도군,회동보건진료소,전라남도 진도군 고군면 진도대로 1528,,
전라남도,진도군,금갑보건진료소,전라남도 진도군 의신면 금갑길 83-6,,
전라남도,진도군,죽림보건진료소,전라남도 진도군 임회면 헌복동길 24,,
전라남도,진도군,가치보건진료소,전라남도 진도군 지산면 가치길 74-4,,
전라남도,진도군,녹진보건진료소,전라남도 진도군 군내면 대야길 23,,
전라남도,진도군,길은보건진료소,전라남도 진도군 지산면 거제 길은로 277,,
전라남도,진도군,연동보건진료소,전라남도 진도군 임회면 진도대로 5179-11,,
전라남도,진도군,광석보건진료소,전라남도 진도군 임회면 호구동길 31,,
전라남도,진도군,관매보건진료소,전라남도 진도군 조도면 관매도길 65,,
전라남도,진도군,대마보건진료소,전라남도 진도군 조도면 대마도길 71-10,,
전라남도,진도군,관사보건진료소,전라남도 진도군 조도면 관사관작길 36,,
전라남도,진도군,가사보건진료소,전라남도 진도군 조도면 가사도길 108,,
전라남도,진도군,상조도보건진료소,전라남도 진도군 조도면 맹성길 4,,
전라남도,진도군,동거차보건진료소,전라남도 진도군 조도면 동거차동육길 58-9,,
전라남도,진도군,서거차보건진료소,전라남도 진도군 조도면 서거차도1길 75,,
전라남도,진도군,호남약국,전라남도 진도군 진도읍 옥주길 16-1,,
전라남도,진도군,광주약국,전라남도 진도군 진도읍 남문길 44,,
전라남도,진도군,명문약국,전라남도 진도군 진도읍 남문길 13,,
전라남도,진도군,종로약국,전라남도 진도군 진도읍 남문길 34,,
전라남도,진도군,제일약국,전라남도 진도군 고군면 오일시1길 39,,
전라남도,진도군,부부약국,전라남도 진도군 고군면 지수길 51-5,,
전라남도,진도군,매정약국,전라남도 진도군 임회면 십일시길 47-1,,
전라남도,진도군,우리들약국,전라남도 진도군 지산면 지산로 1182,,
전라남도,진도군,메디팜영진약국,전라남도 진도군 진도읍 남문길 12-13,,
전라남도,진도군,진도터미널약국,전라남도 진도군 진도읍 남문길 5,,
전라남도,진도군,조도밝은약국,전라남도 진도군 조도면 창유2길 12,,
전라남도,진도군,우리약국,전라남도 진도군 진도읍 남문길 45,,
전라남도,진도군,서경노인복지관,전라남도 진도군 의신면 왕온로 20-7,,
전라남도,신안군,신안군보건소,전라남도 신안군 압해읍 천사로 1004,,
전라남도,신안군,지도읍보건지소,전라남도 신안군 지도읍 지도증도로 9-1,,
전라남도,신안군,압해읍보건지소,전라남도 신안군 압해읍 압해로 882,,
전라남도,신안군,증도면보건지소,전라남도 신안군 증도면 문준경길 193-1,,
전라남도,신안군,임자면보건지소,전라남도 신안군 임자면 임자로 68,,
전라남도,신안군,자은면보건지소,전라남도 신안군 자은면 구영1길 8,,
전라남도,신안군,비금면보건지소,전라남도 신안군 비금면 읍동길 15-10,,
전라남도,신안군,도초면보건지소,전라남도 신안군 도초면 서남문로 1515-16,,
전라남도,신안군,흑산면보건지소,전라남도 신안군 흑산면 흑산일주로 16,,
전라남도,신안군,하의면보건지소,전라남도 신안군 하의면 하의로 250,,
전라남도,신안군,신의면보건지소,전라남도 신안군 신의면 신의로 663,,
전라남도,신안군,장산면보건지소,전라남도 신안군 장산면 장산로 326,,
전라남도,신안군,안좌면보건지소,전라남도 신안군 안좌면 중부로 870,,
전라남도,신안군,팔금면보건지소,전라남도 신안군 팔금면 삼층석탑길 147,,
전라남도,신안군,암태면보건지소,전라남도 신안군 암태면 승봉로 36,,
전라남도,신안군,가거도보건지소,전라남도 신안군 흑산면 가거도길 36,,
전라남도,신안군,홍도보건지소,전라남도 흑산면 홍도1길 65,,
전라남도,신안군,선도보건지소,전라남도 신안군 지도읍 선도길 14-4,,
전라남도,신안군,어의도보건진료소,전라남도 신안군 지도읍 어의길 91-11,,
전라남도,신안군,매화도보건진료소,전라남도 신안군 압해읍 매화길 698,,
전라남도,신안군,고이도보건진료소,전라남도 신안군 압해읍 왕산길3,,
전라남도,신안군,가란도보건진료소,전라남도 신안군 압해읍 가란길 168,,
전라남도,신안군,병풍도보건진료소,전라남도 신안군 증도면 병풍1길 38,,
전라남도,신안군,재원도보건진료소,전라남도 임자면 재원길 23-10,,
전라남도,신안군,수치도보건진료소,전라남도 신안군 비금면 수치도길 233,,
전라남도,신안군,우이도보건진료소,전라남도 신안군 도초면 우이진리길 47-17,,
전라남도,신안군,사리보건진료소,전라남도 신안군 흑산면 흑산일주로 1501,,
전라남도,신안군,태도보건진료소,전라남도 신안군 흑산면 장굴길 49-1,,
전라남도,신안군,대둔도보건진료소,전라남도 신안군 흑산면 김이수길 22-4,,
전라남도,신안군,다물도보건진료소,전라남도 신안군 흑산면 다물도길 75,,
전라남도,신안군,영산도보건진료소,전라남도 신안군 흑산면 영산길 72,,
전라남도,신안군,만재도보건진료소,전라남도 신안군 흑산면 만재도길 88-1,,
전라남도,신안군,장도보건진료소,전라남도 신안군 흑산면 장도길 51-1,,
전라남도,신안군,능산도보건진료소,전라남도 신안군 하의면 능뫼큰길 5-18,,
전라남도,신안군,옥도보건진료소,전라남도 신안군 하의면 옥도길 80-8,,
전라남도,신안군,마진도보건진료소,전라남도 신안군 장산면 마진도길 28,,
전라남도,신안군,반월도보건진료소,전라남도 신안군 안좌면 반월도길 211,,
전라남도,신안군,자라도보건진료소,전라남도 신안군 안좌면 자라도길 70,,
전라남도,신안군,당사도보건진료소,전라남도 신안군 암태면 당사도길 156-30,,
전라남도,신안군,추포도보건진료소,전라남도 신안군 암태면 승봉로 491,,
전라남도,신안군,대일약국,전라남도 신안군 지도읍 봉리길 9,,
전라남도,신안군,지도중앙 약국,전라남도 신안군 지도읍 봉리길 16-1,,
전라남도,신안군,지도행복 약국,전라남도 신안군 지도읍 봉리길 3,,
전라남도,신안군,천사 약국,전라남도 신안군 압해읍 압해로 872,,
전라남도,신안군,압해종로 약국,전라남도 신안군 압해읍 압해로 869,,
전라남도,신안군,유한 약국,전라남도 신안군 임자면 임자로 146,,
전라남도,신안군,신안 약국,전라남도 신안군 자은면 구영2길 46,,
전라남도,신안군,세명 약국,전라남도 신안군 비금면 송치길 155-19,,
전라남도,신안군,녹십자 약국,전라남도 신안군 흑산면 예리1길 68-4,,
전라남도,신안군,대창 약국,전라남도 신안군 안좌면 중부로 852,,
전라남도,신안군,구영 약국,전라남도 신안군 암태면 중부로 1820-4,,
경기도,고양시,가은약국,"경기도 고양시 일산서구 탄중로233번길 25, 105호 (탄현동, 외 1필지 양우프라자)",,
경기도,고양시,강선약국   ,"경기도 고양시 일산서구 대산로 117, 101호 (주엽동)",,
경기도,고양시,건강한약국,"경기도 고양시 일산서구 일산로 526, 1층 (일산동, 진송빌딩)",,
경기도,고양시,굿모닝약국,"경기도 고양시 덕양구 화중로 76, 406호 (화정동, 대감빌딩)",,
경기도,고양시,그레이스온누리약국,"경기도 고양시 덕양구 중앙로 548, 102호 (행신동, 현대프라자)",,
경기도,고양시,나무온누리약국,"경기도 고양시 일산동구 중산로 105, 107호 (중산동, 현해프라자)",,
경기도,고양시,대원약국,"경기도 고양시 일산서구 중앙로 1426, 105,106호 (주엽동, 일송노블레스)",,
경기도,고양시,대화건강약국,"경기도 고양시 일산서구 중앙로 1563, 103호 (대화동, 영림브레아)",,
경기도,고양시,동우약국,"경기도 고양시 덕양구 화신로260번길 57, 요진타워 305호 (화정동)",,
경기도,고양시,마트약국,"경기도 고양시 일산동구 중앙로 1124, 2(일부)층 (백석동, 이마트)",,
경기도,고양시,명보약국,"경기도 고양시 덕양구 중앙로472번길 73 (행신동,1층)",,
경기도,고양시,보명약국,경기도 고양시 덕양구 혜음로 9 (고양동),,
경기도,고양시,보성약국,경기도 고양시 덕양구 삼송로 189-7 (삼송동),,
경기도,고양시,보영약국,"경기도 고양시 일산서구 대화2로 137, 상가동 104호 (대화동, 대화마을)",,
경기도,고양시,봄약국,"경기도 고양시 일산동구 장백로 56, 204-2호 (백석동, 크리스탈빌딩)",,
경기도,고양시,사랑약국,"경기도 고양시 일산서구 후곡로 19, 304호 (일산동, 평화프라자 )",,
경기도,고양시,사랑플러스약국,"경기도 고양시 일산동구 중앙로 1079, 백석역 더리브 스타일 1층 124호 (백석동)",,
경기도,고양시,삼정약국,"경기도 고양시 덕양구 중앙로 478, 103호 (행신동, 행신미원프라자)",,
경기도,고양시,새사랑약국,"경기도 고양시 일산서구 중앙로 1416, 201-1호 (주엽동, 한사랑빌딩)",,
경기도,고양시,수생약국   ,경기도 고양시 덕양구 원당로33번길 30 (주교동),,
경기도,고양시,수정약국,"경기도 고양시 덕양구 충장로 140, 303동 (행신동, 썬프라자)",,
경기도,고양시,스마일약국,"경기도 고양시 일산서구 호수로 817, 레이킨스몰 2층 242호 (대화동)",,
경기도,고양시,시민약국,"경기도 고양시 일산동구 고양대로 762, 104호 (중산동, 하늘빌딩)",,
경기도,고양시,신중앙약국,"경기도 고양시 덕양구 중앙로 550, 104호 (행신동, 삼일프라자)",,
경기도,고양시,애플약국,"경기도 고양시 일산서구 킨텍스로 217-23, 일산 더샵 그라비스타 102-10호 (대화동)",,
경기도,고양시,연세약국,"경기도 고양시 일산서구 중앙로 1371, 1층 61,62호 (주엽동, 뉴서울상가)",,
경기도,고양시,열린약국,"경기도 고양시 일산서구 일산로 523, 108호 (일산동, 보성상가)",,
경기도,고양시,영재약국,"경기도 고양시 덕양구 토당로 115 (토당동, 금호프라자)",,
경기도,고양시,온누리시민약국,"경기도 고양시 일산동구 중앙로 1228, 1(일부)층 (마두동, KT고양지사)",,
경기도,고양시,온누리은하수약국,"경기도 고양시 일산동구 강촌로 157, 303호 (마두동, 서울코아)",,
경기도,고양시,원흥메디컬약국,"경기도 고양시 덕양구 권율대로 685, 105호,106호 (원흥동)",,
경기도,고양시,유스약국,"경기도 고양시 덕양구 동세로 63, 1층 (삼송동, 강남프라자)",,
경기도,고양시,윤진약국,"경기도 고양시 덕양구 중앙로 554, 103호 (행신동, 희성프라자)",,
경기도,고양시,이편한온누리약국,"경기도 고양시 일산서구 주화로 180, 104호 (대화동, 월드메르디앙)",,
경기도,고양시,일산굿모닝약국,"경기도 고양시 일산서구 호수로856번길 74-9, 1층 (대화동)",,
경기도,고양시,일산선약국,"경기도 고양시 일산서구 가좌1로 53, 110호 (가좌동, 샤르망프라자)",,
경기도,고양시,정문온누리약국,"경기도 고양시 일산동구 일산로 328, 103,104호 (마두동, 수색조합상가)",,
경기도,고양시,지성약국,"경기도 고양시 일산서구 중앙로 1419, 102호 (주엽동, 정도프라자)",,
경기도,고양시,참약사참약국,"경기도 고양시 덕양구 동송로 63, 1층 103호 (삼송동)",,
경기도,고양시,청구약국,"경기도 고양시 일산동구 노루목로 107, 111호 (장항동, 청구APT상가)",,
경기도,고양시,큰곰약국,"경기도 고양시 덕양구 혜음로 9, 정호빌딩 1층 2,3호 (고양동)",,
경기도,고양시,큰믿음약국,"경기도 고양시 일산서구 호수로856번길 73-4, 1(좌측)층 (대화동)",,
경기도,고양시,평강약국,"경기도 고양시 덕양구 호국로 822, 1층 119호 (성사동, 명지캐럿86)",,
경기도,고양시,푸른바다약국,"경기도 고양시 일산서구 중앙로 1559, 107호 (대화동, 씨티타워)",,
경기도,고양시,풍동메디칼약국,"경기도 고양시 일산동구 숲속마을1로 77, 106호 (풍동, 그린메디피아빌딩)",,
경기도,고양시,한마음약국,경기도 고양시 덕양구 삼송로 12 (원흥동),,
경기도,고양시,행복약국,"경기도 고양시 일산서구 일산로 538, 103호 (일산동, 일신2조합)",,
경기도,고양시,행복한약국,"경기도 고양시 일산동구 강송로73번길 7-19, 1층 (백석동)",,
경기도,고양시,향동온누리약국,"경기도 고양시 덕양구 꽃마을로 4, 퍼스트타워 1층 (향동동)",,
경기도,구리시,구리시보건소,경기 구리시 건원대로34번길 84 구리보건소,37.60477591,127.1451944
경기도,구리시,수택보건지소,경기 구리시 체육관로 74 구리시행정복지센터,37.59152783,127.1386195
경기도,구리시,갈매보건지소,경기 구리시 산마루로 24 신성타워 5층,37.63112812,127.116558
경상남도,거제시,거제시보건소,경상남도 거제시 수양로 506,,
경상남도,거제시,일운면보건지소,경상남도 거제시 일운면 지세포해안로 105,,
경상남도,거제시,동부면보건지소,경상남도 거제시 동부면 동부로2길 21-1,,
경상남도,거제시,남부면보건지소,경상남도 거제시 남부면 저구1길 37-1,,
경상남도,거제시,둔덕면보건지소,경상남도 거제시 둔덕면 거제남서로 4606,,
경상남도,거제시,사등면보건지소,경상남도 거제시 사등면 성포로 104-1,,
경상남도,거제시,연초면보건지소,경상남도 거제시 연초면 죽토로 11,,
경상남도,거제시,하청면보건지소,경상남도 거제시 하청면 하청로 12-9,,
경상남도,거제시,장목면보건지소,경상남도 거제시 장목면 거제북로 1195,,
경상남도,거제시,칠천보건지소,경상남도 거제시 하청면 칠천로 274,,
경상남도,거제시,거제면보건지소,경상남도 거제시 거제면 읍내로 7길 23,,
경상남도,거제시,구조라보건진료소,경상남도 거제시 일운면 구조라로 22,,
경상남도,거제시,망치보건진료소,경상남도 거제시 일운면 망치2길 12,,
경상남도,거제시,학동보건진료소,경상남도 거제시 동부면 거제중앙로 21,,
경상남도,거제시,가배보건진료소,경상남도 거제시 동부면 거제남서로 2269,,
경상남도,거제시,산달보건진료소,경상남도 거제시 거제면 산달1길 12,,
경상남도,거제시,화도보건진료소,경상남도 거제시 둔덕면 화도길 139,,
경상남도,거제시,가조보건진료소,경상남도 거제시 사등면 가조로 1298,,
경상남도,거제시,한내보건진료소,경상남도 거제시 연초면 연하해안로 796,,
경상남도,거제시,명동보건진료소,경상남도 거제시 연초면 대금산로 386,,
경상남도,거제시,덕곡보건진료소,경상남도 거제시 하청면 덕곡3길 5,,
경상남도,거제시,구영보건진료소,경상남도 거제시 장목면 거제북로 1918-1,,
경상남도,거제시,외포보건진료소,경상남도 거제시 장목면 외포4길 12,,
경상남도,거제시,일운면사무소,경상남도 거제시 일운면 지세포4길 7,,
경상남도,거제시,동부면사무소,경상남도 거제시 동부면 동부로 16,,
경상남도,거제시,남부면사무소,경상남도 거제시 남부면 남부해안로 30,,
경상남도,거제시,거제면사무소,경상남도 거제시 거제면 서상길 1,,
경상남도,거제시,둔덕면사무소,경상남도 거제시 둔덕면 거제남서로 4620,,
경상남도,거제시,사등면사무소,경상남도 거제시 사등면 성포로 104,,
경상남도,거제시,연초면사무소,경상남도 거제시 연초면 죽토로 11,,
경상남도,거제시,하청면사무소,경상남도 거제시 하청면 하청로 12-7,,
경상남도,거제시,장목면사무소,경상남도 거제시 장목면 장동1길 46-1,,
경상남도,거제시,장승포동주민센터,경상남도 거제시 장승로 146-25,,
경상남도,거제시,능포동주민센터,경상남도 거제시 능포로 182,,
경상남도,거제시,아주동주민센터,경상남도 거제시 탑곡로 73,,
경상남도,거제시,옥포1동주민센터,경상남도 거제시 옥포로2길7,,
경상남도,거제시,옥포2동행정복지센터,경상남도 거제시 옥포로 25길 20,,
경상남도,거제시,장평동주민센터,경상남도 거제시 장평3로 10,,
경상남도,거제시,고현동주민센터,경상남도 거제시 거제중앙로 13길 24,,
경상남도,거제시,상문동주민센터,경상남도 거제시 거제중앙로 1641,,
경상남도,거제시,수양동주민센터,경상남도 거제시 제산로5길 26,,
